"","B365H","B365D","B365A"
"1",1.17,7,19
"2",1.57,4,6
"3",2.7,3.2,2.7
"4",1.29,5,13
"5",1.22,6,15
"6",1.73,3.5,5
"7",1.4,4.5,8.5
"8",1.22,5.5,17
"9",2.6,3.25,2.8
"10",2.1,3.3,3.6
"11",1.22,6,15
"12",1.14,7.5,21
"13",1.25,5.75,13
"14",1.22,6,15
"15",2,3.5,3.75
"16",1.2,7,13
"17",2.75,3.25,2.63
"18",4.5,3.6,1.8
"19",1.8,3.5,4.75
"20",2.5,3.25,2.88
"21",1.44,4.33,7.5
"22",1.4,4.33,9
"23",2.8,3.25,2.6
"24",1.53,3.8,7
"25",3.2,3.25,2.3
"26",4.2,3.5,1.91
"27",1.36,4.5,10
"28",1.4,4.33,9
"29",1.53,3.8,7
"30",2.25,3.3,3.3
"31",1.62,3.75,6
"32",1.57,4,6
"33",2.9,3.25,2.5
"34",4.33,3.6,1.83
"35",2.5,3.2,2.9
"36",2.1,3.3,3.6
"37",2.2,3.25,3.4
"38",6.5,3.8,1.57
"39",6.5,3.6,1.62
"40",3.1,3.25,2.38
"41",1.8,3.4,5
"42",1.91,3.3,4.33
"43",3,3.25,2.4
"44",7,4.2,1.5
"45",4.5,3.5,1.83
"46",1.73,3.6,5
"47",1.5,4.2,7
"48",1.73,3.6,5
"49",2.1,3.4,3.6
"50",1.91,3.4,4.2
"51",5.25,3.8,1.67
"52",3.3,3.4,2.2
"53",2.1,3.3,3.6
"54",2.4,3.25,3
"55",1.95,3.4,4
"56",1.83,3.5,4.5
"57",1.95,3.25,4.33
"58",7.5,4.33,1.44
"59",2,3.25,4
"60",6.5,4,1.53
"61",2.8,3.25,2.6
"62",3.5,3.4,2.1
"63",3.8,3.6,1.95
"64",2.63,3.25,2.75
"65",9,4.33,1.4
"66",2.25,3.2,3.4
"67",4.5,3.6,1.8
"68",2.25,3.3,3.25
"69",1.8,3.6,4.75
"70",6.5,4,1.53
"71",1.8,3.6,4.5
"72",2.25,3.3,3.25
"73",2,3.3,4
"74",2.1,3.3,3.6
"75",8.5,4.5,1.4
"76",2.88,3.25,2.5
"77",1.53,4,6.5
"78",2.25,3.3,3.3
"79",2.3,3.25,3.2
"80",2.5,3.3,2.88
"81",1.91,3.4,4.2
"82",3.4,3.3,2.2
"83",2.63,3.25,2.75
"84",7,4.2,1.5
"85",2.38,3.3,3
"86",13,5,1.29
"87",2.6,3.25,2.8
"88",2,3.4,3.8
"89",2.5,3.3,2.88
"90",2.25,3.3,3.3
"91",2.5,3.25,2.88
"92",5,3.8,1.7
"93",5.5,4,1.62
"94",7,4.2,1.5
"95",2.1,3.3,3.6
"96",1.2,6.5,15
"97",2,3.25,4
"98",1.17,7,19
"99",1.25,5.5,15
"100",1.14,8,19
"101",1.36,4.5,10
"102",1.22,6,15
"103",1.22,6,15
"104",1.8,3.6,4.5
"105",1.44,4.33,7.5
"106",1.22,6,15
"107",1.4,4.75,8
"108",1.14,8,19
"109",1.14,8,21
"110",1.1,10,23
"111",1.57,4,6
"112",1.44,4.2,6.5
"113",2.5,3.25,2.88
"114",3.5,3.4,2.1
"115",2.88,3.25,2.5
"116",1.83,3.5,4.5
"117",1.57,3.8,6.5
"118",2.88,3.25,2.5
"119",1.67,3.6,5.5
"120",5,3.6,1.73
"121",4.5,3.6,1.8
"122",1.36,4.5,10
"123",1.53,3.8,7
"124",1.44,4.33,7.5
"125",1.36,4.5,10
"126",1.29,5.5,11
"127",1.67,3.6,5.5
"128",4.2,3.4,1.91
"129",2.1,3.3,3.6
"130",1.91,3.5,4.2
"131",2.1,3.3,3.6
"132",6.5,4,1.57
"133",2.8,3.4,2.5
"134",2.7,3.2,2.7
"135",1.67,3.5,6
"136",1.73,3.5,5.25
"137",2.1,3.25,3.75
"138",3.1,3.25,2.38
"139",2,3.4,3.8
"140",2.1,3.25,3.75
"141",2.38,3.25,3.1
"142",2.1,3.3,3.6
"143",2.88,3.3,2.5
"144",2.6,3.2,2.8
"145",2.75,3.3,2.6
"146",2.88,3.25,2.5
"147",3.5,3.3,2.15
"148",2.8,3.25,2.6
"149",8,4.2,1.4
"150",2.25,3.25,3.25
"151",13,5,1.29
"152",5.5,3.4,1.73
"153",7.5,4.5,1.4
"154",2.4,3.25,3
"155",1.73,3.6,5
"156",3.5,3.4,2.1
"157",2.38,3.4,3
"158",6.5,3.8,1.57
"159",1.14,7.5,23
"160",3,3.25,2.4
"161",1.36,4.5,10
"162",1.91,3.4,4.2
"163",2.2,3.3,3.4
"164",1.33,4.75,11
"165",1.29,5.5,11
"166",2.4,3.25,3
"167",1.44,4.33,7.5
"168",1.83,3.5,4.33
"169",1.36,4.75,9
"170",1.25,5.5,13
"171",1.3,5.25,11
"172",1.29,5,13
"173",1.33,5,10
"174",4,3.8,1.83
"175",1.44,4.2,8
"176",1.33,4.75,11
"177",1.29,5.5,11
"178",4.2,3.4,1.91
"179",1.53,4,7
"180",1.44,4.33,7.5
"181",1.44,4.33,8
"182",1.29,5,13
"183",1.44,4.2,8
"184",2.4,3.3,3
"185",1.83,3.5,4.33
"186",1.33,4.75,11
"187",1.4,4.5,8.5
"188",2.88,3.5,2.4
"189",1.83,3.6,4.33
"190",2,3.4,3.8
"191",1.2,6.5,15
"192",1.2,5.5,13
"193",1.17,7,19
"194",1.4,4.5,9
"195",1.5,4.2,7
"196",1.17,7,19
"197",1.2,6.5,15
"198",1.17,7,17
"199",1.14,6.5,15
"200",1.13,8.5,23
"201",1.2,6.5,15
"202",1.22,6,15
"203",1.67,3.75,5.5
"204",2.63,3.2,2.75
"205",1.5,4.2,7
"206",1.13,8,23
"207",4.5,3.5,1.83
"208",2.38,3.3,3
"209",10,4.5,1.36
"210",1.91,3.4,4.2
"211",5.5,4,1.62
"212",6.5,4,1.53
"213",2.5,3.25,2.88
"214",2.4,3.25,3
"215",2.38,3.25,3.1
"216",2.38,3.25,3.1
"217",2.2,3.2,3.5
"218",12,5,1.3
"219",3.3,3.3,2.25
"220",5.5,3.75,1.67
"221",2.38,3.25,3.1
"222",8.5,4.5,1.4
"223",2.1,3.3,3.6
"224",1.91,3.4,4.2
"225",2.1,3.4,3.5
"226",2.1,3.3,3.6
"227",2.4,3.25,3
"228",2.63,3.25,2.75
"229",3.5,3.2,2.2
"230",2.3,3.1,3.4
"231",3.1,3.2,2.38
"232",5,3.6,1.73
"233",3.3,3.25,2.25
"234",3.6,3.3,2.1
"235",1.8,3.5,4.5
"236",2.1,3.25,3.75
"237",3.6,3.3,2.1
"238",1.73,3.6,5
"239",4.2,3.4,1.91
"240",2,3.3,4
"241",6,3.75,1.62
"242",1.8,3.5,4.75
"243",2.88,3.3,2.5
"244",2.38,3.3,3
"245",2,3.4,3.8
"246",2,3.4,3.8
"247",2.2,3.2,3.5
"248",2.1,3.25,3.75
"249",3.6,3.4,2.1
"250",2.2,3.2,3.5
"251",3.6,3.3,2.1
"252",1.62,3.75,6
"253",9.5,4.75,1.36
"254",1.33,5,10
"255",1.44,4.33,7.5
"256",1.57,3.75,6.5
"257",1.44,4.33,8
"258",1.25,5.75,13
"259",2.25,3.3,3.25
"260",1.44,4.2,8
"261",1.25,6,11
"262",1.57,3.75,6.5
"263",2.1,3.3,3.6
"264",2,3.4,4
"265",1.44,4.33,7.5
"266",1.2,6,17
"267",3.25,3.3,2.25
"268",4,3.6,1.91
"269",1.29,5.5,10
"270",7,4.2,1.5
"271",2.75,3.3,2.63
"272",2.4,3.3,3
"273",1.8,3.6,4.5
"274",8,4.2,1.44
"275",8.5,4.5,1.4
"276",2.1,3.3,3.6
"277",2.1,3.3,3.6
"278",2.25,3.3,3.25
"279",1.75,3.6,4.75
"280",1.8,3.5,4.5
"281",1.8,3.6,4.5
"282",2.1,3.3,3.6
"283",2,3.4,3.8
"284",1.83,3.6,4.33
"285",4,3.6,1.91
"286",10,5,1.33
"287",5,3.6,1.73
"288",2.25,3.2,3.4
"289",2.4,3.4,2.9
"290",2.1,3.3,3.6
"291",2.3,3.25,3.2
"292",3,3.3,2.38
"293",2.2,3.3,3.4
"294",2.3,3.25,3.2
"295",3.75,3.5,2
"296",6.5,3.8,1.57
"297",3.6,3.3,2.1
"298",1.73,3.6,5
"299",1.57,3.8,6.5
"300",6.5,4,1.53
"301",1.8,3.6,4.5
"302",2,3.4,3.8
"303",3.5,3.2,2.2
"304",9,4.75,1.36
"305",2.4,3.2,3.1
"306",2.38,3.25,3.1
"307",2.1,3.3,3.6
"308",4.5,3.6,1.8
"309",2.3,3.25,3.2
"310",5.5,3.6,1.67
"311",4.2,3.4,1.91
"312",12,5,1.3
"313",10,5,1.33
"314",3.8,3.4,2
"315",2.3,3.25,3.2
"316",2.2,3.25,3.4
"317",2.25,3.4,3.25
"318",1.29,5.5,11
"319",1.17,7,17
"320",1.29,5.5,11
"321",1.62,4,5.5
"322",1.29,5.25,12
"323",2.63,3.2,2.75
"324",1.91,3.6,4
"325",1.2,6.5,15
"326",1.4,4.5,8.5
"327",1.22,6,15
"328",1.3,5.25,10
"329",1.44,4.33,7.5
"330",1.25,6,11
"331",1.73,3.6,5
"332",2.5,3.25,2.88
"333",1.36,5,8.5
"334",5,3.6,1.73
"335",1.8,3.6,4.5
"336",1.62,3.75,6
"337",4.5,3.6,1.8
"338",3.4,3.3,2.2
"339",2.1,3.3,3.6
"340",3.2,3.3,2.3
"341",2.2,3.25,3.4
"342",3.5,3.4,2.1
"343",1.91,3.4,4.2
"344",1.73,3.6,5
"345",1.83,3.5,4.5
"346",1.83,3.6,4.33
"347",1.8,3.6,4.5
"348",1.8,3.6,4.5
"349",3.2,3.4,2.25
"350",2.88,3.1,2.63
"351",1.83,3.6,4.33
"352",1.91,3.4,4.2
"353",5,3.6,1.73
"354",3.5,3.4,2.1
"355",6.5,4.33,1.5
"356",5.5,3.6,1.67
"357",2.4,3.2,3.1
"358",4.5,3.5,1.83
"359",2.5,3.2,2.9
"360",2.6,3.2,2.8
"361",2.38,3.2,3.1
"362",2.5,3.25,2.88
"363",2.25,3.2,3.4
"364",2.1,3.3,3.6
"365",2.2,3.25,3.4
"366",2.1,3.3,3.6
"367",7.5,4.33,1.44
"368",1.8,3.6,4.5
"369",2.3,3.25,3.25
"370",1.73,3.6,5
"371",1.8,3.6,4.5
"372",2.3,3.2,3.2
"373",3.4,3.25,2.2
"374",2.25,3.3,3.25
"375",3.25,3.4,2.2
"376",2.1,3.4,3.5
"377",1.8,3.6,4.5
"378",2,3.3,4
"379",3.6,3.3,2.1
"380",1.91,3.5,4
"381",5,3.6,1.73
"382",2.9,3.25,2.5
"383",4.5,3.6,1.8
"384",2.5,3.3,2.88
"385",2.3,3.25,3.25
"386",3.8,3.75,1.91
"387",2.5,3.25,2.88
"388",8,5,1.36
"389",2.38,3.3,3
"390",3.25,3.4,2.2
"391",4,3.6,1.91
"392",10,5.5,1.3
"393",8.5,5,1.36
"394",2.3,3.5,3
"395",2.88,3.5,2.38
"396",2.63,3.4,2.63
"397",2.2,3.4,3.25
"398",2.2,3.2,3.5
"399",3.4,3.25,2.2
"400",3,3.3,2.4
"401",2.1,3.3,3.6
"402",1.57,4.2,5.5
"403",2,3.3,4
"404",2.1,3.25,3.75
"405",1.73,3.6,5
"406",6,3.75,1.62
"407",1.83,3.5,4.5
"408",2.75,3.25,2.6
"409",2.25,3.4,3.2
"410",2.2,3.25,3.4
"411",4.5,3.8,1.75
"412",1.83,3.5,4.5
"413",5,3.75,1.7
"414",1.73,3.6,5
"415",1.13,8.5,19
"416",1.2,6.5,15
"417",1.22,5.75,15
"418",1.36,4.75,9
"419",1.29,5.5,11
"420",1.25,5.5,13
"421",1.29,5.5,11
"422",1.62,4,5.5
"423",2.2,3.2,3.6
"424",1.62,3.75,6
"425",1.2,6,17
"426",1.2,6.5,15
"427",1.2,6.5,15
"428",1.44,4.33,7.5
"429",1.25,6,11
"430",2.4,3.25,3
"431",1.57,3.75,6.5
"432",1.62,3.75,6
"433",3.4,3.3,2.2
"434",1.57,3.8,6.5
"435",1.4,4.5,9
"436",2.63,3.25,2.75
"437",1.5,4,7.5
"438",1.44,4.5,7
"439",1.73,3.6,5
"440",1.53,4,6.5
"441",2,3.25,4
"442",1.83,3.6,4.33
"443",1.67,3.75,5.5
"444",2.7,3.2,2.7
"445",3.1,3.25,2.38
"446",2.88,3.25,2.5
"447",1.91,3.4,4.2
"448",2.2,3.25,3.4
"449",3.2,3.1,2.4
"450",2,3.3,4
"451",2.2,3.25,3.4
"452",1.91,3.4,4.2
"453",2.2,3.25,3.4
"454",2.2,3.2,3.5
"455",2.1,3.3,3.6
"456",5,3.6,1.73
"457",1.73,3.6,5
"458",1.53,4.2,6
"459",1.8,3.5,4.75
"460",2.88,3.25,2.5
"461",3.75,3.6,1.95
"462",1.33,5,10
"463",1.67,3.6,5.5
"464",3.8,3.4,2
"465",1.57,3.8,6.5
"466",1.62,3.75,6
"467",1.33,5,10
"468",1.7,3.75,5
"469",2.2,3.2,3.5
"470",1.53,3.8,7
"471",1.62,3.75,6
"472",1.36,4.75,9
"473",2.8,3.2,2.6
"474",2.6,3.2,2.8
"475",1.44,4.33,7.5
"476",1.44,4.33,7.5
"477",1.73,3.8,4.75
"478",1.44,4,8.5
"479",2.5,3.2,2.9
"480",2.63,3.25,2.75
"481",1.4,4.5,8.5
"482",1.53,4,6.5
"483",1.73,3.6,5
"484",1.44,4.2,8
"485",1.29,5.5,10
"486",1.33,5,10
"487",1.4,4.5,8.5
"488",1.5,4,7.5
"489",1.36,4.75,9
"490",1.5,4,7
"491",1.4,4.5,9
"492",1.91,3.4,4.2
"493",1.36,4.75,9
"494",1.25,5.75,12
"495",1.57,4,6
"496",1.22,6,15
"497",1.22,6,15
"498",1.25,5.5,13
"499",2,3.4,3.8
"500",1.29,5.5,11
"501",1.25,5.75,12
"502",1.2,6.5,15
"503",1.33,5,9.5
"504",1.73,3.6,5
"505",1.36,4.75,9
"506",1.44,4.33,7.5
"507",1.44,4.33,7.5
"508",2.38,3.25,3.1
"509",1.6,4,5.5
"510",2.2,3.2,3.5
"511",1.91,3.4,4.2
"512",1.91,3.4,4.2
"513",5,3.6,1.73
"514",3.8,3.4,2
"515",3.25,3.25,2.25
"516",1.83,3.6,4.33
"517",3.5,3.4,2.1
"518",5,4,1.67
"519",2.1,3.25,3.75
"520",2.6,3.2,2.8
"521",1.95,3.4,4
"522",5.5,3.6,1.67
"523",1.91,3.4,4.2
"524",2,3.5,3.75
"525",2.25,3.2,3.4
"526",5.5,3.75,1.67
"527",2.1,3.2,3.75
"528",3.75,3.25,2.1
"529",3.4,3.25,2.2
"530",1.62,4,5.5
"531",1.83,3.4,4.75
"532",2.63,3.2,2.75
"533",2.1,3.25,3.75
"534",2.1,3.2,3.75
"535",1.91,3.4,4.2
"536",2.2,3.25,3.4
"537",5.5,3.6,1.67
"538",1.8,3.4,5
"539",5.5,3.75,1.67
"540",2.75,3.6,2.4
"541",5,3.5,1.75
"542",2.4,3.25,3
"543",2.1,3.2,3.75
"544",2.6,3.2,2.8
"545",1.83,3.5,4.5
"546",2.2,3.2,3.5
"547",1.62,3.75,6
"548",1.83,3.5,4.5
"549",2.2,3.25,3.4
"550",5.5,3.6,1.67
"551",2.75,3.25,2.6
"552",2.63,3.2,2.75
"553",2.2,3.2,3.5
"554",2.1,3.25,3.75
"555",2.6,3.2,2.8
"556",2.5,3.25,2.88
"557",1.91,3.5,4
"558",2.1,3.25,3.75
"559",1.53,4,6.5
"560",1.57,3.8,6.5
"561",2,3.4,3.8
"562",2.8,3.25,2.6
"563",1.53,4,6.5
"564",1.4,4.5,8.5
"565",2.88,3.3,2.5
"566",1.57,4,6
"567",1.57,4,6
"568",1.73,3.6,5
"569",2.88,3.4,2.4
"570",1.57,4,6
"571",1.3,5.5,10
"572",1.53,4,6.5
"573",2.1,3.25,3.75
"574",2.2,3.25,3.4
"575",3.6,3.3,2.1
"576",2.2,3.2,3.5
"577",2.25,3.3,3.25
"578",1.83,3.5,4.5
"579",6,4.2,1.53
"580",1.8,3.6,4.5
"581",1.73,3.6,5
"582",1.91,3.6,4
"583",1.85,3.4,4.5
"584",5,3.6,1.73
"585",3,3.3,2.38
"586",5.5,3.6,1.7
"587",2.38,3.3,3
"588",2.63,3.25,2.75
"589",2.25,3.25,3.3
"590",2.38,3.25,3.1
"591",2.3,3.25,3.2
"592",1.91,3.6,4
"593",2,3.5,3.75
"594",4.5,3.6,1.8
"595",3.4,3.2,2.25
"596",2,3.4,3.8
"597",6,4,1.57
"598",2,3.5,3.75
"599",3.4,3.3,2.2
"600",2.25,3.3,3.25
"601",4.5,3.6,1.8
"602",2.25,3.3,3.25
"603",1.95,3.6,3.8
"604",2,3.5,3.75
"605",2.25,3.25,3.3
"606",2.38,3.25,3.1
"607",4.75,3.6,1.75
"608",2.5,3.25,2.88
"609",2.75,3.2,2.63
"610",6.5,4.2,1.5
"611",2.5,3.2,2.9
"612",2.5,3.25,2.88
"613",3.2,3.25,2.3
"614",2.5,3.25,2.9
"615",6.5,4,1.53
"616",2.1,3.3,3.6
"617",3,3.25,2.4
"618",2.8,3.25,2.6
"619",2.1,3.4,3.5
"620",2.25,3.2,3.4
"621",5.5,3.4,1.73
"622",5.5,3.6,1.67
"623",2.4,3.1,3.2
"624",2.6,3.2,2.8
"625",2.4,3.25,3
"626",2.1,3.3,3.6
"627",8,4.2,1.44
"628",3.4,3.2,2.25
"629",8.5,4.5,1.4
"630",1.83,3.6,4.33
"631",3,3.3,2.38
"632",2.6,3.25,2.8
"633",2.5,3.25,2.88
"634",2.1,3.4,3.5
"635",2.2,3,3.75
"636",1.44,4.33,7.5
"637",1.53,4,6.5
"638",1.4,4.5,8.5
"639",1.44,4.2,8
"640",1.53,4,6.5
"641",1.22,6,15
"642",1.25,5.5,13
"643",2.8,3.4,2.5
"644",1.29,5.5,11
"645",2.5,3.4,2.75
"646",1.44,4.33,7.5
"647",1.33,5,10
"648",2.4,3.4,2.88
"649",1.25,6,12
"650",2,3.6,3.6
"651",1.22,6.5,12
"652",1.62,3.75,6
"653",2,3.3,4
"654",1.83,3.5,4.5
"655",5,3.6,1.73
"656",4.2,3.4,1.91
"657",5,3.6,1.73
"658",1.83,3.4,4.75
"659",2.4,3.25,3
"660",1.8,3.5,4.75
"661",5.5,3.6,1.67
"662",2.5,3.25,2.88
"663",4.5,3.5,1.83
"664",2.2,3.3,3.4
"665",2.3,3.3,3.2
"666",1.91,3.5,4
"667",4.2,3.75,1.83
"668",6.5,3.75,1.57
"669",4,3.5,1.91
"670",7.5,4.33,1.44
"671",2.1,3.4,3.5
"672",2.38,3.3,3
"673",2.1,3.4,3.5
"674",2.5,3.25,2.88
"675",3,3.3,2.38
"676",2.63,3.3,2.7
"677",2.38,3.3,3
"678",2.38,3.4,3
"679",2.4,3.4,2.88
"680",9,4.75,1.36
"681",3.5,3.4,2.1
"682",2.1,3.4,3.5
"683",2.4,3.5,2.88
"684",6.5,4,1.53
"685",2.2,3.2,3.5
"686",2.4,3.3,3
"687",3.1,3.25,2.38
"688",2.5,3.3,2.88
"689",2.5,3.4,2.8
"690",2.2,3.25,3.4
"691",6,3.75,1.62
"692",5,3.75,1.7
"693",2,3.5,3.75
"694",2.5,3.25,2.88
"695",2.4,3.4,2.9
"696",2.6,3.3,2.75
"697",2.2,3.3,3.4
"698",4,3.6,1.91
"699",2,3.5,3.75
"700",1.62,4,5.5
"701",1.83,3.5,4.5
"702",1.22,6,15
"703",2.4,3.3,3
"704",1.3,5,12
"705",1.29,5,13
"706",1.4,4.5,8.5
"707",2.5,3.3,2.88
"708",1.29,5.5,11
"709",1.4,4.5,8.5
"710",1.83,3.6,4.33
"711",1.25,6,12
"712",1.4,4.5,8.5
"713",1.5,4.33,6.5
"714",1.3,5.5,10
"715",3.1,3.2,2.4
"716",4.5,3.6,1.8
"717",1.57,3.75,6.5
"718",1.67,3.6,5.5
"719",1.62,3.75,6
"720",1.57,3.75,6.5
"721",1.5,4,7
"722",1.53,4,6.5
"723",4.33,3.5,1.85
"724",3.25,3.3,2.25
"725",2.88,3.25,2.5
"726",3,3.4,2.3
"727",1.83,3.5,4.5
"728",1.83,3.5,4.5
"729",1.83,3.5,4.5
"730",2.2,3.5,3.2
"731",2,3.3,4
"732",2.25,3.25,3.3
"733",3.25,3.3,2.25
"734",3.5,3.4,2.1
"735",1.62,3.75,6
"736",5,3.6,1.73
"737",4,3.5,1.91
"738",2,3.4,3.8
"739",1.83,3.5,4.5
"740",1.91,3.5,4
"741",1.57,3.75,6.5
"742",1.83,3.5,4.5
"743",1.7,3.75,5
"744",3.5,3.4,2.1
"745",1.91,3.6,4
"746",1.83,3.6,4.33
"747",3,3.3,2.4
"748",1.29,5.5,11
"749",1.29,5.5,10
"750",2.75,3.2,2.63
"751",1.33,5,10
"752",1.25,5.5,13
"753",1.53,4,6.5
"754",1.4,4.33,9
"755",2,3.4,3.8
"756",2,3.5,3.75
"757",1.73,3.4,5.5
"758",1.29,5.5,11
"759",1.44,4.33,7.5
"760",1.44,4.33,7.5
"761",1.62,4,5.5
"762",2.1,3.5,3.4
"763",1.33,5,10
"764",1.17,7,19
"765",1.3,5.5,10
"766",1.17,7,17
"767",1.73,3.75,4.5
"768",1.22,6,15
"769",1.91,3.4,4.2
"770",1.91,3.6,4
"771",1.3,5.5,10
"772",1.17,7,17
"773",1.13,8.5,21
"774",1.91,3.6,4
"775",1.22,6.5,12
"776",1.25,5.5,13
"777",2.1,3.5,3.4
"778",1.13,9,19
"779",1.17,7,17
"780",2,3.4,3.8
"781",1.25,5.5,13
"782",1.4,4.5,8.5
"783",1.22,6,15
"784",1.14,7.5,21
"785",1.13,8,26
"786",1.14,8,17
"787",1.33,5,10
"788",1.85,3.6,4.33
"789",1.29,5.5,11
"790",1.22,6,15
"791",1.17,7.5,15
"792",1.22,6.5,13
"793",1.3,5,11
"794",1.17,7,17
"795",3,3.3,2.4
"796",1.57,3.8,6.5
"797",2.25,3.25,3.3
"798",3.5,3.4,2.1
"799",1.8,3.6,4.5
"800",2,3.5,3.75
"801",5,3.6,1.73
"802",1.73,3.6,5
"803",2,3.4,3.8
"804",1.57,4,6
"805",2.1,3.4,3.5
"806",1.8,3.6,4.5
"807",2.88,3.4,2.4
"808",1.53,4.2,6
"809",1.67,3.75,5.5
"810",5,4,1.67
"811",2.2,3.3,3.4
"812",1.91,3.6,4
"813",5.5,3.6,1.67
"814",2.1,3.4,3.5
"815",2.4,3.4,2.88
"816",4.5,3.6,1.8
"817",2.6,3.25,2.75
"818",5.5,4,1.62
"819",2,3.5,3.75
"820",6.5,4,1.53
"821",1.83,3.6,4.33
"822",1.73,3.75,4.75
"823",3,3.3,2.4
"824",6,4.2,1.53
"825",3.8,3.4,2
"826",2.2,3.4,3.25
"827",1.83,3.5,4.5
"828",9.5,5,1.33
"829",10,5,1.33
"830",2.25,3.3,3.25
"831",7.5,4.33,1.44
"832",2.5,3.3,2.88
"833",2.1,3.4,3.5
"834",2,3.4,3.8
"835",1.91,3.6,4
"836",2.63,3.25,2.75
"837",3.1,3.25,2.38
"838",5,3.6,1.73
"839",5.5,4.2,1.57
"840",2.1,3.4,3.5
"841",4,3.6,1.91
"842",1.83,3.75,4.2
"843",2.2,3.2,3.5
"844",2.1,3.2,3.8
"845",1.83,3.5,4.5
"846",1.83,3.5,4.5
"847",3.75,3.5,2
"848",1.91,3.4,4.2
"849",1.67,3.6,5.5
"850",1.91,3.4,4.2
"851",2.25,3.25,3.3
"852",2.1,3.4,3.5
"853",1.83,3.5,4.5
"854",6,3.75,1.62
"855",1.57,4,6
"856",4.33,3.6,1.83
"857",2.75,3.25,2.6
"858",2.38,3.5,2.88
"859",2.25,3.4,3.2
"860",2.1,3.3,3.6
"861",2.3,3.25,3.2
"862",1.67,3.6,5.5
"863",1.83,3.5,4.5
"864",2.4,3.25,3
"865",6.5,4,1.53
"866",1.91,3.4,4.2
"867",1.91,3.5,4.2
"868",3.5,3.4,2.1
"869",3.8,3.4,2
"870",2,3.4,3.8
"871",3.3,3.4,2.2
"872",1.5,4.2,6.5
"873",2,3.5,3.75
"874",7,4.5,1.44
"875",2.63,3.25,2.75
"876",2.1,3.3,3.6
"877",6.5,4.2,1.5
"878",2.2,3.25,3.4
"879",2.63,3.25,2.75
"880",2,3.4,3.8
"881",5.5,3.6,1.67
"882",4.75,3.5,1.8
"883",4,3.25,2
"884",1.83,3.5,4.5
"885",6,3.75,1.62
"886",2.2,3.25,3.4
"887",2.4,3.4,2.88
"888",1.91,3.5,4
"889",1.53,4,6.5
"890",3.4,3.5,2.1
"891",1.36,4.75,9
"892",1.57,4,6
"893",1.3,5,12
"894",1.36,4.75,9
"895",2.6,3.4,2.7
"896",1.33,5,10
"897",1.53,3.8,7
"898",1.25,5.5,13
"899",1.22,6,15
"900",1.44,4.33,7.5
"901",2.88,3.4,2.4
"902",1.4,4.5,8.5
"903",1.4,4.5,8.5
"904",1.29,5.5,11
"905",1.36,5,8
"906",1.4,4.5,8.5
"907",2,3.3,4
"908",4,3.3,2
"909",2,3.4,3.8
"910",4,3.6,1.91
"911",1.67,3.8,5.25
"912",7,4.5,1.44
"913",2.6,3.25,2.75
"914",2,3.4,3.8
"915",2.1,3.3,3.6
"916",2.4,3.25,3
"917",4.2,3.4,1.91
"918",2.3,3.4,3.1
"919",1.91,3.6,4
"920",2.1,3.4,3.5
"921",2.1,3.4,3.5
"922",5,4,1.67
"923",2.3,3.3,3.2
"924",2.88,3.25,2.5
"925",2.5,3.25,2.88
"926",6,4,1.57
"927",9,4.75,1.36
"928",7,4,1.5
"929",2.63,3.25,2.75
"930",9,4.33,1.4
"931",3.5,3.4,2.1
"932",2.75,3.25,2.63
"933",2.5,3.25,2.88
"934",2.75,3.3,2.6
"935",2.63,3.25,2.75
"936",9,4.75,1.36
"937",2.8,3.4,2.5
"938",1.57,4,6
"939",2.5,3.25,2.88
"940",2,3.4,3.8
"941",1.91,3.3,4.33
"942",2.4,3.3,3
"943",2.5,3.25,2.88
"944",2,3.5,3.75
"945",6,4,1.57
"946",2.5,3.25,2.88
"947",5,3.8,1.7
"948",2.5,3.25,2.88
"949",2.38,3.3,3
"950",9,5,1.33
"951",2.3,3.4,3.1
"952",7,4.5,1.44
"953",12,6.5,1.22
"954",5,3.75,1.7
"955",1.36,5,8.5
"956",1.53,4.2,6
"957",1.91,3.75,3.8
"958",1.44,4.5,7
"959",1.5,4.33,6.5
"960",1.44,4.5,7
"961",2.63,3.5,2.8
"962",1.44,4.75,8
"963",2.4,3.5,3.1
"964",1.44,4.5,9
"965",1.33,5.5,11
"966",1.25,6.5,15
"967",1.25,6.5,14
"968",1.75,3.9,5
"969",2.25,3.6,3.3
"970",1.4,5.5,8
"971",2,3.5,3.75
"972",7,4.5,1.44
"973",4.75,3.75,1.73
"974",1.95,3.4,4
"975",2.4,3.2,3.1
"976",3.75,3.5,2
"977",2.4,3.25,3
"978",2.55,3.5,2.9
"979",2.9,3.4,2.6
"980",2.63,3.4,2.88
"981",7.5,4.5,1.44
"982",2.3,3.4,3.4
"983",5,4,1.75
"984",2.3,3.3,3.5
"985",2.3,3.4,3.4
"986",4.5,3.8,1.85
"987",1.22,6.5,12
"988",2.4,3.4,2.9
"989",1.95,3.5,4
"990",2.5,3.5,2.7
"991",1.44,4.5,7
"992",1.33,5.5,8.5
"993",1.2,6.5,15
"994",1.25,6.5,15
"995",1.91,3.6,4
"996",1.36,5.5,9.5
"997",1.4,5,9
"998",1.4,5,9
"999",1.36,5,11
"1000",1.36,5.5,9
"1001",1.95,3.75,4
"1002",1.7,4,5.5
"1003",2.6,3.3,2.75
"1004",1.44,4.2,8
"1005",1.44,4.33,7.5
"1006",2.5,3.4,2.75
"1007",2,3.5,3.75
"1008",1.44,4.5,7
"1009",2.88,3.3,2.5
"1010",1.57,4.2,6.5
"1011",1.6,4.1,6.5
"1012",1.4,5,9
"1013",1.38,5,10
"1014",3.9,3.6,2.05
"1015",1.57,3.9,7.5
"1016",1.44,4.75,8
"1017",1.5,4.5,7.5
"1018",1.5,4.5,7.5
"1019",1.8,3.6,4.5
"1020",2.75,3.4,2.5
"1021",1.67,3.75,5.25
"1022",2.88,3.3,2.5
"1023",1.91,3.6,4
"1024",1.85,3.6,4.2
"1025",2.1,3.4,3.5
"1026",2.05,3.5,4
"1027",2.2,3.5,3.5
"1028",5.5,4.2,1.65
"1029",2.2,3.3,3.75
"1030",2,3.6,4
"1031",4.75,3.8,1.8
"1032",5,4,1.75
"1033",1.73,3.9,5.25
"1034",3.9,3.6,2.05
"1035",1.44,4.33,7.5
"1036",1.33,5,10
"1037",1.57,4,6
"1038",1.44,4.33,7.5
"1039",1.4,4.5,8.5
"1040",1.36,4.75,9
"1041",1.53,4,6.5
"1042",1.4,4.5,8.5
"1043",1.33,5.5,10.5
"1044",1.4,5,9
"1045",1.57,4.4,6
"1046",1.95,3.8,4
"1047",1.36,5.5,9
"1048",2.15,3.6,3.6
"1049",1.95,3.6,4.2
"1050",1.25,7,12
"1051",1.29,5.5,11
"1052",1.22,6,15
"1053",1.57,4,6
"1054",1.2,6.5,15
"1055",1.5,4,7
"1056",2.2,3.5,3.2
"1057",1.14,8,19
"1058",1.29,5.5,11
"1059",1.25,6.5,14
"1060",1.83,3.9,4.5
"1061",1.95,3.6,4.33
"1062",1.33,5.5,11
"1063",1.25,6.5,14
"1064",1.29,6,12
"1065",1.4,5,9
"1066",1.33,5.5,11
"1067",1.29,5.5,11
"1068",1.7,3.8,5
"1069",1.17,7.5,15
"1070",1.22,6.5,12
"1071",1.2,6.5,15
"1072",1.22,6.5,13
"1073",1.3,5.5,10
"1074",1.91,3.8,4.2
"1075",1.25,6.5,14
"1076",1.75,3.9,5
"1077",1.33,5.5,11
"1078",1.17,9,19
"1079",2.3,3.5,3.3
"1080",1.25,6.75,13
"1081",2.2,3.5,3.5
"1082",1.3,5.75,12
"1083",4.2,3.75,1.83
"1084",2,3.5,3.75
"1085",1.95,3.6,3.8
"1086",1.91,3.6,4
"1087",2,3.4,3.75
"1088",5.5,3.75,1.67
"1089",2.1,3.4,3.5
"1090",3,3.4,2.38
"1091",1.75,4,5
"1092",4,3.6,2
"1093",2.2,3.5,3.2
"1094",1.83,3.7,4.8
"1095",2.1,3.5,3.8
"1096",1.95,3.5,4.5
"1097",2.88,3.6,2.5
"1098",6,4.6,1.55
"1099",6,4.2,1.53
"1100",2.6,3.3,2.75
"1101",7,4.5,1.44
"1102",2.1,3.3,3.6
"1103",2.2,3.4,3.25
"1104",6,3.75,1.62
"1105",6,4,1.57
"1106",2.2,3.6,3.4
"1107",4.75,3.75,1.83
"1108",2.3,3.4,3.4
"1109",3.8,3.5,2.1
"1110",2.5,3.4,3
"1111",2.63,3.3,2.9
"1112",1.75,3.8,5.25
"1113",2.55,3.3,3
"1114",2.2,3.4,3.6
"1115",3.25,3.4,2.2
"1116",1.8,3.6,4.5
"1117",1.91,3.6,4
"1118",1.95,3.5,4
"1119",2.4,3.4,2.88
"1120",2.2,3.4,3.25
"1121",4,3.5,1.91
"1122",4.5,3.8,1.85
"1123",7.5,4.5,1.5
"1124",1.95,3.6,4.33
"1125",7,4.33,1.53
"1126",2.25,3.4,3.5
"1127",2.38,3.4,3.25
"1128",2.25,3.4,3.5
"1129",8,4.75,1.44
"1130",3.4,3.4,2.3
"1131",2.75,3.4,2.5
"1132",2.25,3.4,3.2
"1133",4.33,3.6,1.83
"1134",7.5,4.75,1.4
"1135",5.5,4,1.62
"1136",2.9,3.4,2.38
"1137",2.88,3.25,2.5
"1138",3,3.4,2.5
"1139",7.5,4.5,1.5
"1140",2.5,3.4,3
"1141",2.63,3.4,2.88
"1142",2.45,3.4,3.1
"1143",3.3,3.6,2.25
"1144",8,4.75,1.45
"1145",2.55,3.5,2.88
"1146",6,4.33,1.6
"1147",2.75,3.3,2.6
"1148",4.2,3.75,1.83
"1149",2.38,3.5,2.88
"1150",2.3,3.5,3
"1151",2,3.4,3.8
"1152",1.91,3.6,4
"1153",2,3.5,3.75
"1154",5,3.75,1.7
"1155",3.6,3.5,2.05
"1156",5.75,4,1.67
"1157",1.85,3.8,4.5
"1158",4.2,3.8,1.91
"1159",3.5,3.5,2.2
"1160",1.91,3.75,4.2
"1161",1.85,3.75,4.6
"1162",1.75,3.8,5.25
"1163",1.95,3.3,4.2
"1164",1.91,3.4,4.2
"1165",2.2,3.3,3.4
"1166",1.91,3.4,4.2
"1167",3.1,3.2,2.4
"1168",3.4,3.2,2.25
"1169",1.8,3.5,4.75
"1170",4.33,3.5,1.95
"1171",2.2,3.3,3.75
"1172",1.91,3.5,4.6
"1173",2.15,3.25,4
"1174",2.5,3.3,3.1
"1175",2.1,3.4,4
"1176",7,3.9,1.6
"1177",2.25,3.3,3.6
"1178",4.5,3.6,1.91
"1179",2.1,3.3,3.6
"1180",2.5,3.3,2.88
"1181",2.25,3.25,3.3
"1182",4.75,3.5,1.8
"1183",2,3.5,3.75
"1184",6.5,4,1.53
"1185",3.5,3.4,2.1
"1186",2.38,3.3,3.3
"1187",2.5,3.4,3
"1188",4.5,3.6,1.91
"1189",2.4,3.3,3.3
"1190",2.05,3.5,4
"1191",6,4,1.65
"1192",3.4,3.4,2.3
"1193",2.1,3.3,4
"1194",2.8,3.2,2.8
"1195",2.1,3.4,3.5
"1196",4.5,3.6,1.8
"1197",3.4,3.5,2.1
"1198",2.3,3.4,3.1
"1199",1.8,3.6,4.5
"1200",5,4,1.67
"1201",1.57,4,6
"1202",2.2,3.4,3.6
"1203",1.83,3.75,4.75
"1204",2.1,3.6,3.75
"1205",3.4,3.5,2.25
"1206",3.4,3.4,2.3
"1207",2.38,3.5,3.1
"1208",5.25,3.8,1.75
"1209",1.8,3.8,4.75
"1210",1.44,4.33,7.5
"1211",2.5,3.4,2.75
"1212",1.5,4.33,6.5
"1213",1.67,3.75,5.5
"1214",2.4,3.4,2.88
"1215",1.62,4,5.5
"1216",1.62,3.75,6
"1217",1.33,5,10
"1218",2.9,3.6,2.5
"1219",1.67,4,5.75
"1220",2.3,3.6,3.25
"1221",1.5,4.5,7.5
"1222",2.2,3.4,3.6
"1223",3.25,3.6,2.3
"1224",1.44,4.75,8
"1225",1.29,6,12
"1226",1.83,3.75,4.2
"1227",5,3.75,1.7
"1228",1.73,3.75,4.75
"1229",3.75,3.5,2
"1230",2.1,3.25,3.75
"1231",2,3.5,3.75
"1232",1.91,3.6,4
"1233",2,3.5,3.75
"1234",1.75,4,5
"1235",3.6,3.4,2.2
"1236",2.05,3.5,4
"1237",2.45,3.3,3.2
"1238",4.1,3.7,1.95
"1239",2.25,3.5,3.4
"1240",2.45,3.5,3
"1241",4.5,3.9,1.83
"1242",4,3.6,1.91
"1243",1.83,3.75,4.2
"1244",5,3.8,1.7
"1245",2,3.4,3.8
"1246",4,3.5,1.91
"1247",3,3.3,2.38
"1248",2.88,3.25,2.5
"1249",2.1,3.4,3.5
"1250",2.1,3.5,3.75
"1251",2.4,3.4,3.2
"1252",3.6,3.5,2.15
"1253",2.3,3.4,3.4
"1254",5.5,3.9,1.7
"1255",2.3,3.5,3.3
"1256",2.38,3.4,3.25
"1257",1.67,4,5.75
"1258",4.2,3.4,1.91
"1259",2.25,3.4,3.2
"1260",2.3,3.4,3.1
"1261",1.83,3.6,4.33
"1262",6,4.2,1.53
"1263",2.3,3.4,3.1
"1264",4.75,3.75,1.73
"1265",6,4.2,1.53
"1266",2.15,3.4,3.8
"1267",2.2,3.5,3.5
"1268",4.5,3.75,1.85
"1269",2.3,3.4,3.4
"1270",1.95,3.6,4.33
"1271",3.8,3.6,2.05
"1272",1.83,3.75,4.75
"1273",2.15,3.6,3.6
"1274",1.29,6,12
"1275",2.3,3.5,3.3
"1276",1.62,4.2,6
"1277",1.2,7.5,17
"1278",1.7,3.8,5.75
"1279",2.38,3.4,3.25
"1280",1.29,6,13
"1281",1.22,7,15
"1282",1.22,7,16
"1283",2.15,3.5,3.6
"1284",1.33,5.5,11
"1285",1.57,4.2,6.5
"1286",3.6,3.5,2.15
"1287",1.4,5,9
"1288",1.29,6,12
"1289",1.29,6,13
"1290",4,3.5,2.05
"1291",3.4,3.4,2.3
"1292",2,3.5,4.2
"1293",2,3.4,4.33
"1294",5.25,3.8,1.75
"1295",1.91,3.5,4.5
"1296",3,3.3,2.55
"1297",6,4.2,1.62
"1298",2.6,3.3,3
"1299",2.1,3.5,3.8
"1300",2.1,3.4,3.9
"1301",7,4.33,1.53
"1302",2.2,3.3,3.75
"1303",2.05,3.5,4
"1304",3.4,3.4,2.1
"1305",2.5,3.3,3.1
"1306",2.45,3.4,3.1
"1307",3.4,3.4,2.3
"1308",6,4,1.65
"1309",6.5,4,1.62
"1310",2.63,3.4,2.88
"1311",3.3,3.3,2.38
"1312",2.38,3.25,3.4
"1313",2,3.5,4.1
"1314",2.3,3.4,3.4
"1315",2.5,3.4,3
"1316",2.75,3.2,2.88
"1317",2.35,3.5,3.2
"1318",9.5,5.25,1.36
"1319",2.45,3.25,3.25
"1320",2.38,3.2,3
"1321",8,4.75,1.44
"1322",1.25,6.5,15
"1323",2.38,3.4,3.2
"1324",1.29,6,12
"1325",1.57,4.2,6.5
"1326",1.18,8,19
"1327",1.33,5.5,10
"1328",2.2,3.5,3.5
"1329",1.73,3.8,5.5
"1330",1.18,8,19
"1331",1.25,6.25,15
"1332",1.57,4,7
"1333",1.57,4,7
"1334",1.85,3.6,4.75
"1335",1.29,6,13
"1336",1.18,7,13
"1337",1.2,7.5,17
"1338",2.75,3.3,2.8
"1339",11,5,1.36
"1340",6.5,4,1.62
"1341",3.25,3.3,2.4
"1342",2.8,3.3,2.75
"1343",3.25,3.4,2.38
"1344",2.38,3.3,3.3
"1345",2.35,3.2,3.5
"1346",2.5,3.2,3.2
"1347",2.6,3.3,3
"1348",6.5,4,1.6
"1349",3.9,3.3,2.15
"1350",10,4.75,1.4
"1351",2.15,3.3,3.9
"1352",7.5,5,1.44
"1353",9,5,1.4
"1354",1.45,4.5,9
"1355",2.5,3.4,3
"1356",3,3.4,2.5
"1357",1.62,4,6.25
"1358",1.36,5,10.5
"1359",1.36,5.25,9.5
"1360",1.83,3.7,4.75
"1361",1.4,5,9
"1362",1.53,4.33,7
"1363",1.53,4.2,7.5
"1364",1.36,5,11
"1365",1.67,3.9,6
"1366",2.5,3.4,3
"1367",1.4,4.75,10
"1368",2.4,3.4,2.8
"1369",5,4,1.75
"1370",2.4,3.3,3.3
"1371",6.5,4.2,1.57
"1372",3.3,3.3,2.38
"1373",5.8,3.9,1.67
"1374",2.75,3.3,2.8
"1375",9.5,5.25,1.36
"1376",2.5,3.3,3.1
"1377",2.2,3.3,3.75
"1378",3.6,3.4,2.2
"1379",8,5.25,1.4
"1380",8,4.75,1.45
"1381",2.9,3.4,2.6
"1382",5,3.75,1.8
"1383",2.15,3.5,3.6
"1384",2.3,3.4,3.4
"1385",2.63,3.5,2.8
"1386",2.45,3.3,3.2
"1387",2.15,3.4,3.8
"1388",1.85,3.5,5
"1389",6.5,4,1.62
"1390",2.3,3.3,3.5
"1391",7,4.2,1.55
"1392",2.05,3.4,4.1
"1393",6.5,4,1.6
"1394",4,3.5,2.05
"1395",3,3.25,2.6
"1396",2.45,3.2,3.3
"1397",6.5,4.33,1.57
"1398",2.25,3.3,3.6
"1399",2.75,3.3,2.8
"1400",4.5,3.6,1.8
"1401",4,3.6,2
"1402",1.2,7.5,17
"1403",1.44,4.75,8
"1404",1.25,6.5,15
"1405",1.29,6,12
"1406",1.29,6,12
"1407",1.2,7.5,16
"1408",1.3,6,11
"1409",1.22,7,15
"1410",1.83,3.9,4.5
"1411",2.2,3.6,3.4
"1412",1.3,5.75,12
"1413",1.17,9,19
"1414",1.48,4.75,7.5
"1415",2.45,3.7,2.9
"1416",1.67,4.2,5.25
"1417",1.22,7.5,13
"1418",1.67,4.2,5.5
"1419",1.2,7.5,18
"1420",1.7,4,5.5
"1421",1.29,6,13
"1422",1.83,3.75,4.75
"1423",1.75,4.2,4.6
"1424",1.13,9.5,29
"1425",1.13,11,23
"1426",1.85,3.8,4.5
"1427",1.18,8,19
"1428",1.17,9,17
"1429",1.33,5.75,10
"1430",1.17,9,17
"1431",1.2,7,11
"1432",1.14,9.5,21
"1433",1.17,9,17
"1434",1.57,4.33,6.5
"1435",1.33,5.5,11
"1436",2.35,3.5,3.2
"1437",1.73,3.75,5.5
"1438",1.53,4.33,7
"1439",1.36,5.25,10
"1440",1.8,3.8,4.75
"1441",1.57,4,7
"1442",1.25,6.5,15
"1443",1.2,7,19
"1444",2.5,3.6,2.9
"1445",3.5,3.6,2.15
"1446",1.45,4.75,8
"1447",1.36,5.25,9.5
"1448",1.36,5.75,8.5
"1449",1.36,5.5,9
"1450",4.5,3.9,1.83
"1451",6,4.2,1.62
"1452",1.8,3.8,4.75
"1453",2.05,3.5,4
"1454",2.4,3.4,3.2
"1455",1.75,3.8,5.25
"1456",4,3.7,2
"1457",5.25,4,1.7
"1458",1.95,3.5,4.33
"1459",3.3,3.5,2.3
"1460",2.1,3.4,3.9
"1461",1.85,3.6,4.75
"1462",3.5,3.4,2.25
"1463",4.2,3.7,1.95
"1464",2.63,3.3,2.6
"1465",2.05,3.6,3.8
"1466",6.5,4,1.62
"1467",2.2,3.4,3.6
"1468",2.63,3.3,2.9
"1469",2,3.4,4.33
"1470",2.88,3.3,2.7
"1471",2.05,3.5,4
"1472",6.5,4.2,1.57
"1473",2.4,3.3,3.25
"1474",2.7,3.4,2.8
"1475",9,5.5,1.36
"1476",3.8,3.5,2.1
"1477",2.25,3.3,3.6
"1478",2.2,3.3,3.75
"1479",2.4,3.3,3.25
"1480",8.5,5,1.33
"1481",4.5,3.8,1.85
"1482",2.1,3.5,3.8
"1483",1.62,4,6.5
"1484",1.62,3.8,7
"1485",1.7,3.8,5.75
"1486",5.25,3.8,1.75
"1487",2.55,3.3,3
"1488",4,3.5,2.05
"1489",1.83,3.7,4.75
"1490",4.33,3.5,1.95
"1491",1.55,4,7.5
"1492",3.75,3.75,2.05
"1493",1.62,4,6.5
"1494",1.75,3.8,5.25
"1495",1.45,4.75,8
"1496",2.8,3.5,2.6
"1497",2.63,3.5,2.8
"1498",2.3,3.3,3.5
"1499",3.3,3.3,2.4
"1500",2.15,3.3,3.9
"1501",2.1,3.4,4
"1502",6.5,4.2,1.57
"1503",2.3,3.25,3.5
"1504",4,3.3,2.1
"1505",5.75,4,1.67
"1506",7,4,1.57
"1507",2.7,3.25,2.9
"1508",5.5,3.8,1.73
"1509",2.25,3.3,3.6
"1510",2.15,3.3,3.9
"1511",2.1,3.4,3.9
"1512",3.2,3.4,2.38
"1513",2.3,3.6,3.25
"1514",6,4,1.65
"1515",2.9,3.3,2.63
"1516",9,5,1.4
"1517",6.5,4.33,1.55
"1518",4.5,3.6,1.91
"1519",2.05,3.5,4
"1520",2.15,3.4,3.75
"1521",3.2,3.3,2.45
"1522",2.1,3.4,3.9
"1523",2.15,3.4,3.8
"1524",2.15,3.3,3.9
"1525",2.3,3.3,3.5
"1526",4.75,3.7,1.83
"1527",1.91,3.75,4.33
"1528",2.1,3.2,4.2
"1529",2.3,3.4,3.4
"1530",1.62,4,6.5
"1531",1.75,3.8,5.25
"1532",2,3.4,4.33
"1533",2.2,3.5,3.5
"1534",1.75,3.75,5.5
"1535",3,3.4,2.5
"1536",5.75,4.25,1.62
"1537",3.25,3.4,2.38
"1538",1.75,3.75,5.25
"1539",1.85,3.6,4.75
"1540",1.85,3.5,5
"1541",1.95,3.6,4.33
"1542",1.73,3.9,5.25
"1543",5,3.6,1.83
"1544",1.7,3.75,6
"1545",2.5,3.4,3
"1546",1.44,4.75,8.5
"1547",1.44,4.75,8
"1548",1.57,4.33,6.5
"1549",2.8,3.5,2.63
"1550",2.5,3.4,3
"1551",1.53,4.33,7
"1552",1.44,4.33,8
"1553",1.36,5,10
"1554",3.75,3.75,2.05
"1555",2.1,3.5,3.75
"1556",1.33,5.25,12
"1557",3.1,3.4,2.45
"1558",2.25,3.4,3.5
"1559",1.57,4.2,6.5
"1560",1.5,4.2,6.5
"1561",1.5,4.5,7.5
"1562",4.9,4,1.75
"1563",1.55,4.2,7
"1564",2.15,3.4,3.8
"1565",6,4.2,1.62
"1566",1.8,3.75,5
"1567",1.95,3.5,4.5
"1568",2.6,3.4,2.88
"1569",3.5,3.4,2.25
"1570",5.75,4.33,1.62
"1571",7.5,4.5,1.5
"1572",1.8,3.9,4.75
"1573",5,3.6,1.83
"1574",1.83,3.75,4.75
"1575",3.1,3.6,2.38
"1576",1.91,3.75,4.33
"1577",2.1,3.6,3.75
"1578",5.5,3.8,1.73
"1579",2.25,3.5,3.4
"1580",6,4.2,1.62
"1581",1.91,3.5,4.6
"1582",1.95,3.6,4.33
"1583",6.5,4,1.62
"1584",2.38,3.4,3.25
"1585",3,3.4,2.5
"1586",2.9,3.4,2.6
"1587",2.05,3.5,4
"1588",3.2,3.4,2.4
"1589",4.5,3.6,1.91
"1590",2.4,3.3,3.3
"1591",9,5,1.4
"1592",2.2,3.2,3.4
"1593",4.33,3.75,1.91
"1594",1.4,5,9
"1595",1.25,6.5,14
"1596",2.15,3.6,3.5
"1597",1.8,3.75,5
"1598",1.44,4.75,8
"1599",1.29,6,13
"1600",1.44,4.75,8
"1601",1.25,6.5,15
"1602",1.29,6,12
"1603",1.57,4.5,6
"1604",1.4,5,9
"1605",1.83,3.75,4.2
"1606",2.4,3.3,3.3
"1607",1.3,6,11
"1608",1.3,6,11
"1609",1.4,5.25,8.5
"1610",7.5,4.5,1.5
"1611",3.75,3.6,2.1
"1612",5.25,3.75,1.75
"1613",2.4,3.4,3.2
"1614",6.25,4,1.62
"1615",2.35,3.3,3.4
"1616",2.4,3.3,3.3
"1617",4.5,3.6,1.91
"1618",10,5.25,1.36
"1619",2.7,3.2,2.9
"1620",2.88,3.1,2.88
"1621",2.5,3.25,2.8
"1622",2.15,3.4,3.8
"1623",2.75,3.3,2.8
"1624",1.91,3.7,4.33
"1625",2.1,3.6,3.75
"1626",2.8,3.4,2.7
"1627",4.75,3.75,1.83
"1628",2.5,3.4,3
"1629",2.15,3.4,3.75
"1630",2.8,3.3,2.75
"1631",5.5,3.75,1.73
"1632",4.75,3.8,1.8
"1633",2.2,3.4,3.6
"1634",2.55,3.25,3.1
"1635",2.6,3.25,3
"1636",2.63,3.3,2.9
"1637",7.5,5,1.44
"1638",3.5,3.4,2.1
"1639",6.5,4.33,1.57
"1640",2.63,3.3,2.9
"1641",2.7,3.3,2.88
"1642",1.67,4.2,5.25
"1643",1.17,8.5,21
"1644",1.25,6.5,15
"1645",1.4,5,9
"1646",1.18,8,18
"1647",1.33,5.75,10
"1648",1.2,7.5,17
"1649",2.15,3.5,3.6
"1650",1.33,5.5,11
"1651",1.2,7.5,17
"1652",1.62,4,6.5
"1653",1.29,5.5,11
"1654",2,3.4,4.33
"1655",1.36,5.25,10
"1656",2.1,3.5,3.8
"1657",1.36,5.25,9.5
"1658",8.5,4.75,1.44
"1659",2.1,3.5,3.8
"1660",4.33,3.7,1.91
"1661",2.1,3.4,4
"1662",2.6,3.25,3
"1663",3.75,3.4,2.15
"1664",3.5,3.5,2.2
"1665",2.8,3.3,2.75
"1666",2.38,3.3,3.3
"1667",4.75,3.75,1.83
"1668",1.83,3.75,4.75
"1669",5,4,1.67
"1670",1.95,3.5,4.5
"1671",2.05,3.3,4.2
"1672",4.5,3.6,1.91
"1673",2.25,3.6,3.3
"1674",1.6,4,6.5
"1675",1.75,3.8,5.25
"1676",1.85,3.8,4.5
"1677",1.53,4.33,7
"1678",1.45,4.5,8.5
"1679",1.83,3.6,5
"1680",4.5,3.75,1.85
"1681",1.85,3.6,4.75
"1682",3.4,3.4,2.3
"1683",1.83,3.6,5
"1684",1.83,3.75,4.75
"1685",2.63,3.2,2.8
"1686",1.73,3.8,5.5
"1687",3.75,3.4,2.15
"1688",1.8,3.75,5
"1689",2.4,3.6,3
"1690",2.1,3.5,3.8
"1691",3.8,3.6,2.05
"1692",3.6,3.4,2.2
"1693",2.45,3.3,3.2
"1694",3.1,3.3,2.5
"1695",2.25,3.4,3.5
"1696",3.4,3.4,2.3
"1697",2.7,3.25,2.88
"1698",2.38,3.1,3.5
"1699",2.05,3.3,4.2
"1700",2.15,3.3,3.9
"1701",7,4.33,1.44
"1702",4.33,3.4,2
"1703",5.5,4,1.7
"1704",1.95,3.5,4.5
"1705",3.2,3.75,2.25
"1706",1.8,3.75,5
"1707",2.3,3.5,3.3
"1708",2.1,3.5,3.8
"1709",3.8,3.6,2.05
"1710",7,4.75,1.5
"1711",3.8,3.6,2.05
"1712",2.2,3.4,3.6
"1713",2.63,3.3,2.9
"1714",2.4,3.3,3.25
"1715",2.2,3.3,3.75
"1716",2.38,3.3,3.1
"1717",2.15,3.4,3.75
"1718",5.75,3.8,1.7
"1719",1.91,3.7,4.33
"1720",2.6,3.4,2.9
"1721",1.6,4.33,6
"1722",1.44,5,7.5
"1723",1.44,4.75,8
"1724",3.4,3.4,2.3
"1725",1.73,4,5
"1726",1.5,4.5,7.5
"1727",2.8,3.5,2.6
"1728",1.7,4,5.5
"1729",1.4,5,9
"1730",1.67,4,5.75
"1731",1.91,3.8,4.2
"1732",3.1,3.6,2.38
"1733",1.36,5.25,10
"1734",2.05,3.4,3.6
"1735",1.4,5,9
"1736",1.36,5.25,10
"1737",1.45,4.75,8
"1738",1.45,4.75,8
"1739",1.91,3.75,4.33
"1740",1.4,5.25,8.5
"1741",1.5,4.75,7
"1742",1.29,6,12
"1743",1.18,8,19
"1744",1.22,7,15
"1745",1.8,4,4.5
"1746",1.18,8,19
"1747",1.3,6,11
"1748",1.25,7,13
"1749",1.3,5.5,8.5
"1750",1.25,6.5,11
"1751",1.29,6,12
"1752",1.22,7.5,13
"1753",1.57,4.5,6
"1754",1.67,4.2,5.25
"1755",2.88,3.6,2.5
"1756",1.3,6,11
"1757",1.33,5.75,10
"1758",1.45,4.5,8.5
"1759",1.8,3.8,4.75
"1760",1.4,5,9
"1761",1.83,3.75,4.75
"1762",1.36,5.5,9.5
"1763",1.29,6,12
"1764",1.36,5.25,10
"1765",1.91,3.75,4.33
"1766",1.3,5.5,10
"1767",2.63,3.4,2.88
"1768",1.36,5.25,10
"1769",2.45,3.5,3
"1770",2.25,3.6,3.3
"1771",3.8,3.75,2
"1772",1.83,3.75,4.75
"1773",7,4.33,1.53
"1774",2.05,3.5,4
"1775",2.9,3.4,2.6
"1776",1.83,3.75,4.75
"1777",3.3,3.3,2.38
"1778",2.3,3.4,3.4
"1779",1.95,3.5,4.5
"1780",4.2,3.5,2
"1781",6,3.8,1.57
"1782",3.3,3.5,2.3
"1783",2.45,3.25,3.25
"1784",2.55,3.3,3
"1785",1.83,4,4.33
"1786",6,4.2,1.6
"1787",2.38,3.25,3.4
"1788",7,4.75,1.5
"1789",2.38,3.4,3.25
"1790",2.05,3.5,4
"1791",2.45,3.3,3.2
"1792",2.38,3.4,3.25
"1793",3,3.4,2.5
"1794",6,4.2,1.62
"1795",4.75,3.6,1.85
"1796",7,4.33,1.53
"1797",4.75,3.9,1.8
"1798",3.3,3.4,2.15
"1799",9,5,1.4
"1800",2.38,3.4,3.25
"1801",3.1,3.5,2.4
"1802",1.57,4,7
"1803",1.65,4,6
"1804",1.44,4.75,8
"1805",3.2,3.6,2.3
"1806",2.8,3.4,2.7
"1807",2.45,3.5,3
"1808",4.75,3.75,1.83
"1809",2.9,3.4,2.6
"1810",1.6,4,6.5
"1811",1.73,3.9,5.25
"1812",2.63,3.3,2.9
"1813",1.7,3.8,5.75
"1814",1.4,4.5,7.5
"1815",1.53,4.2,7.5
"1816",2.1,3.5,3.8
"1817",1.75,3.8,5.25
"1818",2.5,3.3,3.1
"1819",2.38,3.4,3.25
"1820",1.7,3.8,5.75
"1821",4,3.6,2
"1822",6.25,4,1.62
"1823",1.91,3.6,4.5
"1824",4.2,3.5,2
"1825",1.65,4,6
"1826",5.75,3.8,1.7
"1827",1.91,3.5,4.75
"1828",2.5,3.3,3.1
"1829",2.1,3.3,3.5
"1830",3.5,3.25,2.3
"1831",1.91,3.5,4.75
"1832",2.9,3.4,2.6
"1833",3.5,3.6,2.15
"1834",2.55,3.25,3.1
"1835",5.5,3.8,1.73
"1836",4,3.5,2.05
"1837",9,5,1.4
"1838",7.5,4.5,1.5
"1839",2.95,3.4,2.55
"1840",2.05,3.4,4.2
"1841",4.5,3.6,1.91
"1842",2.25,3.3,3.6
"1843",1.91,3.6,4.5
"1844",2.7,3.2,2.9
"1845",2.38,3.25,3.4
"1846",2.5,3.1,3.1
"1847",2.9,3.2,2.7
"1848",4.2,3.4,2.05
"1849",2.8,3.3,2.75
"1850",1.91,3.7,4.33
"1851",1.95,3.7,4.2
"1852",3.75,3.5,2.1
"1853",1.8,3.75,5
"1854",1.73,3.8,5.5
"1855",2.5,3.4,3
"1856",1.75,3.75,5.25
"1857",2.25,3.5,3.4
"1858",7,4.2,1.55
"1859",1.91,3.5,4.6
"1860",4.2,3.5,2
"1861",4,3.6,2
"1862",1.91,3.5,4.2
"1863",2.5,3.3,3.1
"1864",2.3,3.4,3.4
"1865",4.75,4.2,1.75
"1866",2.2,3.5,3.5
"1867",1.75,3.9,5
"1868",1.7,4,5.5
"1869",2.25,3.6,3.25
"1870",1.6,4.2,6
"1871",1.5,4.5,7.5
"1872",3.25,3.6,2.3
"1873",5,3.75,1.8
"1874",1.62,4.2,6
"1875",3.25,3.5,2.3
"1876",1.8,3.8,4.75
"1877",1.75,3.8,5.25
"1878",1.53,4,6
"1879",1.62,4.2,6
"1880",3.75,3.75,2.05
"1881",1.8,3.8,4.75
"1882",5,4,1.75
"1883",1.91,3.6,4.5
"1884",2.3,3.5,3.3
"1885",4.5,3.8,1.85
"1886",2.5,3.4,3
"1887",2.15,3.4,3.8
"1888",6.5,4.5,1.53
"1889",2.05,3.4,4.2
"1890",2.9,3.3,2.63
"1891",2.55,3.25,3.1
"1892",3.4,3.2,2.38
"1893",2.38,3.25,3.4
"1894",1.8,3.5,4.5
"1895",2.3,3.4,3.4
"1896",4,3.6,2
"1897",4.1,3.5,2
"1898",1.91,3.6,4.5
"1899",6.5,4.5,1.55
"1900",1.75,3.75,5.5
"1901",2.15,3.5,3.6
"1902",2.35,3.4,3.25
"1903",1.75,3.9,5
"1904",3.5,3.5,2.2
"1905",1.85,3.75,4.5
"1906",1.75,3.75,5.25
"1907",4.2,3.6,1.95
"1908",2.15,3.4,3.75
"1909",6.25,4,1.62
"1910",1.8,3.5,4.5
"1911",2.3,3.4,3.4
"1912",2.25,3.5,3.4
"1913",2.9,3.4,2.6
"1914",2,3.8,3.8
"1915",1.44,4.75,8
"1916",1.73,4,5
"1917",1.29,6,13
"1918",2.45,3.5,3
"1919",1.44,4.75,8
"1920",1.29,6.5,11
"1921",2.1,3.5,3.9
"1922",1.75,3.75,5.25
"1923",1.75,4,5
"1924",1.36,5.25,10
"1925",1.36,5.25,10
"1926",1.33,5.75,9.5
"1927",1.29,6,13
"1928",1.29,6.5,11
"1929",1.17,9,17
"1930",2.5,3.3,3.1
"1931",3,3.3,2.6
"1932",7.5,5,1.44
"1933",2.75,3.3,2.8
"1934",6.5,4.2,1.57
"1935",2.63,3.25,2.75
"1936",3.2,3.25,2.45
"1937",3.6,3.4,2.2
"1938",2.45,3.2,3.3
"1939",4.75,3.6,1.85
"1940",4.5,3.6,1.91
"1941",7.5,4.5,1.5
"1942",6.5,4.33,1.57
"1943",3.4,3.2,2.2
"1944",7.5,4.2,1.53
"1945",5.75,4.2,1.65
"1946",2.1,3.5,3.8
"1947",3.4,3.5,2.25
"1948",2.25,3.5,3.4
"1949",2.9,3.6,2.5
"1950",3.4,3.4,2.3
"1951",2.4,3.3,3
"1952",2,3.6,4
"1953",1.91,3.6,4.5
"1954",3.8,3.5,2.1
"1955",2.05,3.4,4.1
"1956",2.9,3.25,2.7
"1957",1.95,3.5,4.33
"1958",3.75,3.6,2.1
"1959",3.6,3.5,2.15
"1960",3.1,3.5,2.4
"1961",1.95,3.6,4.2
"1962",1.83,3.7,4.8
"1963",1.33,5.75,10
"1964",2.1,3.5,3.75
"1965",1.4,5,9
"1966",1.36,5.25,9.5
"1967",1.33,5.25,12
"1968",1.44,4.5,7.5
"1969",1.44,4.5,9
"1970",1.83,3.75,4.75
"1971",2.15,3.3,3.9
"1972",1.44,4.75,8
"1973",1.5,4.5,7.5
"1974",1.75,3.8,5.25
"1975",2.75,3.4,2.7
"1976",2.75,3.6,2.63
"1977",2.3,3.75,3.1
"1978",1.83,3.6,5
"1979",2,3.6,4
"1980",3.8,3.5,2.1
"1981",1.57,4,7
"1982",1.7,3.9,5.5
"1983",2.6,3.3,3
"1984",2.1,3.4,4
"1985",3.8,3.5,2.1
"1986",3.6,3.5,2.15
"1987",2.45,3.3,3.2
"1988",2.25,3.3,3.6
"1989",3.8,3.5,2.1
"1990",3,3.4,2.5
"1991",2.05,3.4,3.6
"1992",2.9,3.4,2.6
"1993",2.05,3.5,3.9
"1994",2.7,3.4,2.8
"1995",3.25,3.4,2.38
"1996",1.5,4.5,7.5
"1997",1.57,4.2,6.5
"1998",2.1,3.6,3.75
"1999",2.1,3.75,3.6
"2000",1.95,3.6,4.2
"2001",2.8,3.5,2.63
"2002",1.73,3.8,5.5
"2003",1.65,4.2,5.5
"2004",1.53,4.2,7.5
"2005",1.73,4,5
"2006",2.7,3.5,2.7
"2007",2.7,3.4,2.8
"2008",2,3.8,3.8
"2009",1.8,4,4.5
"2010",4.5,4,1.8
"2011",2.2,3.6,3.4
"2012",1.85,3.8,4.5
"2013",3.1,3.5,2.4
"2014",3.2,3.5,2.35
"2015",4.33,4,1.85
"2016",1.91,3.75,4.33
"2017",2.1,3.5,3.8
"2018",2.63,3.4,2.88
"2019",1.5,4.33,6
"2020",1.73,3.8,5.5
"2021",1.57,4.33,6.25
"2022",2.25,3.4,3.5
"2023",1.95,3.6,4.2
"2024",1.75,3.7,5.5
"2025",1.91,4,4
"2026",1.53,4.33,7
"2027",2.05,3.6,3.8
"2028",1.67,3.8,6
"2029",1.44,4.75,8
"2030",1.4,4.75,10
"2031",1.91,3.8,3.8
"2032",2.88,3.4,2.6
"2033",2.3,3.25,3.5
"2034",1.44,4.75,8.5
"2035",2.63,3.4,2.88
"2036",2.5,3.4,3
"2037",1.55,4,5.75
"2038",1.73,4,5
"2039",1.57,4.5,6
"2040",1.5,4.5,7.5
"2041",2,3.8,3.8
"2042",1.25,7,13
"2043",1.33,5.75,10
"2044",1.29,6,12
"2045",1.7,4,5.5
"2046",1.6,4.33,6
"2047",1.3,6,11
"2048",1.2,7,13
"2049",1.53,4.75,6
"2050",1.4,5.25,8.5
"2051",1.62,4.2,6
"2052",2.1,3.75,3.6
"2053",1.22,7,15
"2054",1.83,3.75,4.75
"2055",1.33,5,9
"2056",1.3,6,11
"2057",2.5,3.6,2.9
"2058",1.2,7.5,16
"2059",2.6,3.5,2.8
"2060",1.33,5.25,12
"2061",1.44,4.5,9
"2062",1.45,4.5,8.5
"2063",2.6,3.3,3
"2064",1.55,4.2,7
"2065",1.91,3.5,4.75
"2066",1.7,3.75,5.75
"2067",3,3.25,2.38
"2068",1.67,3.8,6
"2069",2.1,3.5,3.75
"2070",1.22,7,17
"2071",1.53,4.33,7
"2072",2.1,3.4,3.9
"2073",1.67,4.2,5.25
"2074",6,4.2,1.62
"2075",2.6,3.4,2.88
"2076",2.4,3.4,3.2
"2077",2.88,3.6,2.5
"2078",5.75,4.33,1.62
"2079",2.05,3.5,4
"2080",3.2,3.5,2.2
"2081",5,3.7,1.8
"2082",2.5,3.4,3
"2083",2.15,3.4,3.8
"2084",2.63,3.4,2.88
"2085",2.1,3.5,3.8
"2086",2.3,3.4,3.4
"2087",6,4.5,1.57
"2088",2,3.6,4
"2089",4.5,4,1.8
"2090",2.3,3.5,3.3
"2091",2,3.5,4.2
"2092",2.45,3.4,3.1
"2093",6,4.2,1.62
"2094",2.9,3.5,2.55
"2095",2.05,3.6,3.8
"2096",3.2,3.4,2.4
"2097",4.33,3.5,1.95
"2098",4.5,3.75,1.85
"2099",2.38,3.4,3.25
"2100",5.25,4,1.7
"2101",6,4.2,1.6
"2102",2.2,3.4,3.6
"2103",2.4,3.3,3.25
"2104",4.5,3.6,1.91
"2105",1.83,3.75,4.75
"2106",2.05,3.4,4.2
"2107",1.75,4,5
"2108",1.55,4.33,6.5
"2109",1.57,4,7
"2110",1.5,4.5,7.5
"2111",2.7,3.4,2.8
"2112",3.6,3.5,2.05
"2113",1.95,3.5,4.33
"2114",1.73,3.75,5.5
"2115",1.73,3.8,5.5
"2116",2.8,3.25,2.5
"2117",1.6,4,6.5
"2118",2.63,3.4,2.88
"2119",1.53,4,6
"2120",2.8,3.4,2.7
"2121",1.36,5.5,9
"2122",2.55,3.3,3
"2123",2.1,3.3,4
"2124",3.8,3.6,2.05
"2125",5.25,4,1.7
"2126",2.5,3.2,3.2
"2127",3.25,3.2,2.3
"2128",2.05,3.3,4.2
"2129",4.33,3.6,1.95
"2130",2.7,3.4,2.8
"2131",1.62,3.75,5.5
"2132",2,3.5,4.2
"2133",2.7,3.2,2.9
"2134",2.2,3.4,3.6
"2135",4.5,3.75,1.85
"2136",2.75,3.3,2.8
"2137",3.5,3.6,2.15
"2138",3.2,3.4,2.4
"2139",2.6,3.4,2.9
"2140",4.75,3.8,1.8
"2141",3.2,3.3,2.45
"2142",2.9,3.3,2.63
"2143",5.5,3.9,1.7
"2144",2.5,3.25,3.2
"2145",3,3.4,2.5
"2146",8,4.75,1.45
"2147",5.25,3.75,1.75
"2148",2.5,3.3,3.1
"2149",2.1,3.3,4
"2150",3.4,3.4,2.1
"2151",4.5,4,1.8
"2152",3,3.5,2.45
"2153",1.75,4,5
"2154",2.75,3.25,2.8
"2155",2.05,3.4,4.2
"2156",5,4,1.75
"2157",1.91,3.6,4.5
"2158",2.7,3.4,2.75
"2159",2.1,3.4,3.9
"2160",1.91,3.4,4.5
"2161",1.8,3.6,5.25
"2162",2.38,3.25,3.4
"2163",2.25,3.3,3.6
"2164",3.2,3.25,2.5
"2165",2.05,3.5,4
"2166",1.67,3.8,6
"2167",3.75,3.4,2
"2168",3.1,3.5,2.4
"2169",6,4.75,1.53
"2170",4.2,3.8,1.91
"2171",2.5,3.5,3
"2172",1.44,4.75,8
"2173",1.57,4.2,6.5
"2174",2.6,3.4,2.9
"2175",1.36,5.5,9
"2176",1.4,4.75,8
"2177",1.75,3.8,5.25
"2178",1.36,5.25,9.5
"2179",1.5,4.33,8
"2180",1.4,4.2,9
"2181",2.38,3.4,3.25
"2182",1.53,4.33,7
"2183",1.91,3.5,4
"2184",1.22,7,15
"2185",2.05,3.6,3.9
"2186",2.5,3.3,3.1
"2187",6,4.2,1.62
"2188",2.6,3.4,2.9
"2189",4.33,3.4,2
"2190",2.15,3.5,3.6
"2191",4.2,3.6,1.95
"2192",3.75,3.5,2.1
"2193",5,4,1.75
"2194",2.05,3.5,4
"2195",4.33,3.5,1.95
"2196",2.38,3.25,3
"2197",3,3.4,2.55
"2198",2.4,3.25,3.3
"2199",3.4,3.3,2.15
"2200",1.7,3.8,5.75
"2201",2.05,3.75,3.7
"2202",3.1,3.3,2.5
"2203",2.05,3.4,4.2
"2204",2.9,3.4,2.6
"2205",7,4.33,1.53
"2206",4.75,3.6,1.85
"2207",2.55,3.3,3
"2208",2.2,3.25,3.75
"2209",2.8,3.2,2.8
"2210",2.1,3.3,4
"2211",2.63,3.1,3.1
"2212",2.6,3.1,2.8
"2213",4.33,3.4,2
"2214",2.25,3.3,3.6
"2215",2.4,3.2,3.4
"2216",4,3.4,2.1
"2217",2.4,3.6,3
"2218",2.25,3.5,3.4
"2219",4,3.8,1.95
"2220",2.6,3.5,2.8
"2221",2.05,3.5,4
"2222",2.63,3.3,2.9
"2223",3.6,3.4,2.2
"2224",4,3.5,2.05
"2225",5,4,1.73
"2226",1.91,3.5,4.75
"2227",1.8,3.5,4.5
"2228",4,3.6,2
"2229",1.95,3.6,4.2
"2230",3.6,3.5,2
"2231",1.57,4.33,6.5
"2232",1.44,4.75,8
"2233",3,3.5,2.45
"2234",1.29,6.5,11
"2235",1.25,6.5,15
"2236",1.95,3.6,4.2
"2237",1.4,5,9
"2238",1.35,5.5,9.5
"2239",1.33,5.5,8.5
"2240",1.29,5.5,9.5
"2241",1.2,7.5,17
"2242",1.22,7,15
"2243",1.29,6,13
"2244",3.1,3.75,2.3
"2245",1.4,5.25,8
"2246",1.6,4.5,5.75
"2247",1.91,3.7,4.33
"2248",1.09,13,29
"2249",1.45,5,7.5
"2250",1.85,3.5,5
"2251",4.2,3.6,1.95
"2252",1.65,4.2,5.5
"2253",5,4,1.75
"2254",2.4,3.4,3.2
"2255",3,3.3,2.6
"2256",4.33,3.4,1.85
"2257",1.83,3.75,4.75
"2258",2.05,3.5,3.9
"2259",7.5,5,1.44
"2260",2.6,3.5,2.8
"2261",2.15,3.5,3.6
"2262",6.5,4,1.6
"2263",1.85,3.75,4.5
"2264",2.25,3.6,3.3
"2265",1.91,3.75,4.2
"2266",9,5,1.4
"2267",6,3.8,1.67
"2268",3.3,3.3,2.38
"2269",9,6,1.33
"2270",3.5,3.5,2.2
"2271",2.9,3.1,2.6
"2272",2.4,3.25,3.3
"2273",3.6,3.4,2.2
"2274",2.9,3.25,2.7
"2275",9,5,1.4
"2276",5.75,3.8,1.7
"2277",2.5,3.1,3.3
"2278",5.75,4,1.67
"2279",2.25,3.3,3.6
"2280",2.45,3.5,3
"2281",1.57,4.5,6
"2282",2.15,3.4,3.8
"2283",1.53,4.33,7
"2284",1.75,3.8,5.25
"2285",1.25,6.25,15
"2286",1.36,5,8.5
"2287",1.25,6.5,14
"2288",1.18,8,19
"2289",1.95,3.6,4.2
"2290",1.25,6.5,15
"2291",1.3,5.75,12
"2292",2.4,3.5,3.1
"2293",1.45,4.6,8.5
"2294",1.17,9,19
"2295",1.25,6.75,13
"2296",1.14,9,23
"2297",2.15,3.5,3.6
"2298",5.25,4,1.7
"2299",6.5,4.5,1.53
"2300",3.5,3.3,2.3
"2301",5.25,4,1.7
"2302",6.5,4.2,1.57
"2303",1.75,3.5,4.75
"2304",3.25,3.4,2.38
"2305",1.7,3.9,5.5
"2306",2.1,3.2,4.2
"2307",1.91,3.5,4.75
"2308",4.5,3.9,1.83
"2309",1.73,3.6,4.75
"2310",5.5,4.2,1.65
"2311",1.75,3.5,4.75
"2312",2.1,3.6,3.75
"2313",1.73,4,5
"2314",1.8,3.8,4.75
"2315",1.6,4.33,6
"2316",3.6,3.5,2.15
"2317",4.2,3.75,1.91
"2318",4.2,3.6,1.95
"2319",2.2,3.4,3.6
"2320",4.5,4,1.8
"2321",1.7,4,5.25
"2322",1.4,5.25,8.5
"2323",1.67,3.8,6
"2324",1.53,4.33,7
"2325",1.75,3.9,5
"2326",1.4,4.5,8
"2327",3.5,3.6,2
"2328",1.5,4.5,7.5
"2329",7.5,4.5,1.5
"2330",3.1,3.3,2.5
"2331",5.75,3.8,1.7
"2332",3.1,3.2,2.6
"2333",3.5,3.3,2.3
"2334",10,5.5,1.3
"2335",4.33,3.5,1.95
"2336",3.3,3.5,2.3
"2337",8,4.75,1.45
"2338",2.15,3.3,3.9
"2339",2.55,3.3,3
"2340",2.45,3.4,3.1
"2341",2.05,3.3,4.2
"2342",1.91,3.7,4.33
"2343",1.44,4.75,8
"2344",7,4.75,1.5
"2345",2.25,3.4,3.5
"2346",2.05,3.5,3.9
"2347",1.8,3.6,5.25
"2348",1.91,3.6,4.5
"2349",5.25,4,1.7
"2350",2.5,3.3,2.9
"2351",2.1,3.6,3.7
"2352",6,4.1,1.62
"2353",5.75,4,1.65
"2354",5.5,4.2,1.65
"2355",1.85,3.6,4.75
"2356",2.05,3.5,4
"2357",1.45,4.5,8.5
"2358",1.57,4.2,6.5
"2359",4.5,3.8,1.85
"2360",2,3.6,4
"2361",1.29,6,13
"2362",1.29,6,12
"2363",1.17,8.5,19
"2364",1.3,6,11
"2365",1.3,5.5,10
"2366",2.35,3.6,3.1
"2367",1.22,7,15
"2368",2.65,3.25,2.9
"2369",2.3,3.4,3.4
"2370",2.15,3.6,3.6
"2371",1.25,6.5,14
"2372",1.73,3.9,5.25
"2373",1.36,5.25,9.5
"2374",1.5,4.75,7
"2375",1.62,4.2,6
"2376",1.14,9,23
"2377",1.5,4.75,7
"2378",1.5,4.5,7.5
"2379",1.22,7,15
"2380",2.15,3.6,3.6
"2381",1.29,6.5,11
"2382",2.15,3.6,3.5
"2383",1.17,8.5,19
"2384",2.15,3.5,3.6
"2385",1.22,7,15
"2386",1.25,6.5,15
"2387",2,3.75,3.8
"2388",1.2,7.5,17
"2389",1.91,3.75,4.2
"2390",1.29,6.5,11
"2391",1.25,7,12
"2392",1.14,9,23
"2393",1.33,5.75,10
"2394",1.2,7,19
"2395",2.6,3.4,2.9
"2396",1.45,4.75,8
"2397",2.2,3.4,3.6
"2398",1.22,6.5,13
"2399",1.25,6,16
"2400",2.15,3.4,3.75
"2401",1.2,7.5,17
"2402",1.25,6.5,14
"2403",1.25,6.5,15
"2404",1.36,5,11
"2405",1.57,4.2,6.5
"2406",2.55,3.2,2.8
"2407",1.36,4.75,8
"2408",2.5,3.3,3.1
"2409",2.25,3.3,3.6
"2410",2.5,3.2,3.2
"2411",7,4,1.57
"2412",1.83,3.5,5.25
"2413",6,4.33,1.6
"2414",2.1,3.4,4
"2415",2.75,3.2,2.88
"2416",2.5,3.2,3.25
"2417",2.7,3.1,3
"2418",3.9,3.3,2.15
"2419",6,3.7,1.7
"2420",2.45,3.1,3.4
"2421",7,4,1.5
"2422",2.3,3.4,3.4
"2423",13,5.25,1.25
"2424",4,3.6,2
"2425",3.2,3.4,2.4
"2426",3.4,3.6,2.2
"2427",2.2,3.4,3.6
"2428",1.7,3.7,6
"2429",2.8,3.25,2.6
"2430",1.75,3.7,5.5
"2431",1.83,3.5,5.25
"2432",1.85,3.75,4.5
"2433",1.65,4,6
"2434",1.83,3.7,4.75
"2435",4.33,4,1.73
"2436",1.6,3.75,5.75
"2437",3.6,3.8,2.05
"2438",2.75,3.3,2.8
"2439",1.8,3.8,4.75
"2440",2,3.6,4
"2441",2.05,3.6,3.8
"2442",2.3,3.4,3.4
"2443",1.62,4,6.5
"2444",3.1,3.3,2.5
"2445",2.6,3.4,2.9
"2446",1.8,3.5,4.5
"2447",6,4.2,1.6
"2448",2.88,3.4,2.63
"2449",2.15,3.3,3.9
"2450",1.95,3.4,4.5
"2451",6.5,4,1.62
"2452",4,3.75,1.95
"2453",1.95,3.3,4
"2454",2,3.5,3.6
"2455",4.75,4.1,1.75
"2456",2.5,3.25,3.2
"2457",9,5,1.4
"2458",2.15,3.4,3.8
"2459",3.4,3.4,2.3
"2460",10,5.75,1.33
"2461",2.63,3.3,2.9
"2462",11,5.5,1.33
"2463",3.1,3.3,2.5
"2464",9.5,5.25,1.36
"2465",3.9,3.4,2.1
"2466",11,6.5,1.29
"2467",2.55,3.3,3
"2468",10,5.25,1.36
"2469",3.3,3.25,2.2
"2470",3,3.4,2.3
"2471",4.2,3.8,1.91
"2472",8,4.75,1.45
"2473",2.38,3.3,3.3
"2474",5,4,1.73
"2475",2.63,3.4,2.88
"2476",2.15,3.5,3.6
"2477",2.63,3.2,2.8
"2478",2.9,3.4,2.6
"2479",7,4.75,1.5
"2480",3.4,3.4,2.3
"2481",2.4,3.3,3.25
"2482",2,3.5,4.2
"2483",2,3.4,4.33
"2484",5,4,1.73
"2485",2.2,3.4,3.6
"2486",2.8,3.5,2.63
"2487",2.1,3.5,3.75
"2488",3,3.5,2.5
"2489",1.62,4.2,6
"2490",1.5,4.5,7.5
"2491",1.36,5.5,9
"2492",1.22,7,15
"2493",1.22,7,15
"2494",2.63,3.25,2.63
"2495",1.33,5.5,11
"2496",1.29,6,13
"2497",1.44,5,7.5
"2498",1.67,4.2,5.25
"2499",1.73,3.8,5.5
"2500",1.25,6.5,15
"2501",1.25,6,10
"2502",1.85,3.75,4
"2503",1.73,3.9,5.25
"2504",2.38,3.3,3.3
"2505",1.75,3.75,5.25
"2506",2.8,3.3,2.75
"2507",2.4,3.3,3.3
"2508",3.1,3.4,2.45
"2509",2.5,3.3,2.9
"2510",5.5,3.75,1.62
"2511",2.5,3.2,3.2
"2512",2.15,3.3,3.9
"2513",2.63,3.3,2.9
"2514",3.6,3.4,2.2
"2515",1.85,3.6,4.75
"2516",2.5,3.2,3.2
"2517",2.4,3.3,2.9
"2518",5.75,4.5,1.5
"2519",11,6,1.3
"2520",5.5,3.8,1.73
"2521",8,4.75,1.44
"2522",1.95,3.4,4.5
"2523",2.2,3.3,3.75
"2524",2.05,3.5,4
"2525",5.75,3.8,1.7
"2526",1.75,3.7,5.5
"2527",1.7,3.8,5.75
"2528",2.3,3.25,3.5
"2529",2.1,3.4,4
"2530",2.2,3.3,3.8
"2531",5.25,4,1.73
"2532",3,3.3,2.55
"2533",4,3.8,1.8
"2534",2.4,3.5,2.75
"2535",10,5.25,1.36
"2536",2.25,3.4,3.5
"2537",1.67,4,5.75
"2538",2,3.6,4
"2539",4.75,4.2,1.75
"2540",1.67,4,5.75
"2541",1.62,4.1,6
"2542",6,4,1.65
"2543",2.38,3.4,3.2
"2544",6,4.5,1.57
"2545",2.25,3.3,3.6
"2546",6,4.1,1.62
"2547",2.3,3.5,3.3
"2548",2.1,3.6,3.7
"2549",3.3,3.6,2.25
"2550",8.5,5.25,1.4
"2551",5.25,4,1.7
"2552",1.2,6.5,13
"2553",1.25,7,12
"2554",2.5,3.6,2.89
"2555",1.19,7.5,17
"2556",2.5,3.39,3
"2557",1.25,6.5,14
"2558",2.54,3.6,2.79
"2559",2.6,3.39,2.6
"2560",1.5,4.75,7
"2561",1.3,5.75,12
"2562",4.5,4,1.72
"2563",1.44,5,7.5
"2564",1.28,5.5,10
"2565",1.57,4.5,6
"2566",1.55,4.59,6
"2567",1.57,4.2,6.5
"2568",2.8,3.25,2.5
"2569",6,4.2,1.61
"2570",1.83,3.5,5.25
"2571",2,3.39,4.33
"2572",2.89,3.25,2.39
"2573",6.5,4.5,1.53
"2574",2.79,3.29,2.75
"2575",2.37,3.29,3.29
"2576",4.75,4.2,1.75
"2577",1.9,3.7,4.33
"2578",2.1,3.5,3.79
"2579",6.5,4.5,1.55
"2580",1.83,3.6,5
"2581",2.5,3.39,3
"2582",5,3.89,1.75
"2583",2.1,3.6,3.7
"2584",3.25,3.3,2.4
"2585",3.29,3.2,2.45
"2586",2.39,3.2,3.39
"2587",2.7,3.1,3
"2588",7.5,4.5,1.5
"2589",2.62,3,3.2
"2590",2.62,3.2,3
"2591",2.37,3.2,3.39
"2592",6.5,3.89,1.61
"2593",2.35,3,3.7
"2594",2.14,3.25,4
"2595",4.2,3.79,1.9
"2596",2.7,3.2,2.62
"2597",1.85,3.5,5
"2598",6.5,4.33,1.55
"2599",4.75,3.6,1.85
"2600",2.75,3.25,2.8
"2601",2.89,3.2,2.7
"2602",2.14,3.2,4
"2603",6.5,4.5,1.53
"2604",2.6,3.25,3
"2605",2.29,3.2,3.6
"2606",7,4.2,1.55
"2607",7.5,4.5,1.5
"2608",7.5,3.89,1.57
"2609",13,6,1.28
"2610",2.89,3.1,2.79
"2611",2.5,3.1,3.29
"2612",2.62,3.2,3
"2613",4,3.39,1.9
"2614",2.25,3.2,3.7
"2615",2.14,3.5,3.6
"2616",2.75,3.3,2.5
"2617",1.36,5.25,10
"2618",2.5,3.2,3.2
"2619",1.18,8,17
"2620",1.25,6.5,15
"2621",1.39,5,9
"2622",1.19,7.5,17
"2623",1.16,8.5,19
"2624",1.3,5.75,12
"2625",1.28,6.5,11
"2626",1.36,4.75,8
"2627",1.3,5.75,12
"2628",2.29,3.29,3.1
"2629",1.28,6,12
"2630",2.25,3.6,3.29
"2631",1.16,8.5,19
"2632",9,5,1.4
"2633",2.39,3.29,3.29
"2634",2.39,3.25,3.29
"2635",2.04,3.5,4
"2636",2.04,3.5,4
"2637",2.29,3.5,3.25
"2638",4.5,4,1.8
"2639",11,6.5,1.28
"2640",2,3.29,4.5
"2641",2.04,3.39,4.2
"2642",7.5,4.5,1.5
"2643",7,4,1.57
"2644",7,4.33,1.44
"2645",1.9,3.5,4.75
"2646",2.04,3.6,3.79
"2647",1.8,3.79,4.75
"2648",1.67,3.6,5.75
"2649",3.79,3.6,2.04
"2650",2.2,3.39,3.6
"2651",2.37,3.29,3.29
"2652",1.72,3.79,5.5
"2653",1.72,3.75,5.5
"2654",6,3.89,1.66
"2655",5.5,3.5,1.8
"2656",2.14,3.2,4
"2657",3,3.2,2.62
"2658",2.25,3.25,3.2
"2659",2.2,3.2,3.89
"2660",9,5,1.33
"2661",4.2,3.75,1.9
"2662",2.29,3.39,3.39
"2663",2.89,3.29,2.62
"2664",8.5,4.75,1.36
"2665",11,5,1.36
"2666",2.79,3,3
"2667",17,8,1.18
"2668",2.7,3.1,3
"2669",9,4.5,1.44
"2670",2.5,3.2,3.2
"2671",2.37,3.1,3.5
"2672",2.62,3.1,3.1
"2673",12,5.75,1.3
"2674",3.25,3.2,2.25
"2675",2.54,3.1,3.2
"2676",3,3.1,2.7
"2677",2.62,3.25,3
"2678",2.62,3.1,3.1
"2679",6,4.33,1.6
"2680",2.05,3.4,4.2
"2681",2.14,3.39,3.75
"2682",9.5,5.75,1.33
"2683",5,3.89,1.75
"2684",1.83,3.6,5
"2685",1.89,3.6,4.5
"2686",4.5,3.6,1.9
"2687",1.66,3.79,6
"2688",1.85,3.89,4.33
"2689",1.8,3.6,5.25
"2690",1.72,3.89,5.25
"2691",1.85,3.75,4.5
"2692",1.95,3.6,4.2
"2693",2.25,3.29,3.2
"2694",2.25,3.5,3.39
"2695",3.75,3.79,2
"2696",2.8,3.25,2.8
"2697",1.25,6.75,13
"2698",1.39,5,9
"2699",2.14,3.6,3.5
"2700",1.3,6,11
"2701",1.22,7,15
"2702",1.16,9,19
"2703",1.3,6,11
"2704",3.1,3.75,2.29
"2705",2.1,3.75,3.6
"2706",1.22,7.5,13
"2707",1.22,7,15
"2708",1.19,8,15
"2709",1.25,7,12
"2710",1.33,5.75,10
"2711",1.19,8,15
"2712",1.14,9.5,21
"2713",1.11,12,26
"2714",1.39,5.5,7.5
"2715",1.19,8,15
"2716",1.08,11,21
"2717",1.55,4.59,6
"2718",1.12,11,23
"2719",1.12,8.5,19
"2720",1.12,10,26
"2721",1.14,10,21
"2722",1.19,6.5,13
"2723",1.61,4.2,6
"2724",1.89,3.79,4.2
"2725",1.14,9,23
"2726",1.08,13,34
"2727",1.12,10,27
"2728",1.17,7,15
"2729",2.14,3.39,3.79
"2730",1.28,5.75,13
"2731",1.19,7,19
"2732",3.39,3.5,2.25
"2733",1.28,6,12
"2734",1.25,6.5,15
"2735",1.36,5.5,9
"2736",1.22,7,15
"2737",1.16,8.5,19
"2738",2.29,3.25,3.5
"2739",2.75,3.39,2.75
"2740",1.25,6,10
"2741",1.18,8,19
"2742",1.44,4.75,8
"2743",1.39,5.25,8.5
"2744",5,3.8,1.67
"2745",2,3.5,4.2
"2746",2,3.5,4.2
"2747",2.2,3.5,3.5
"2748",2.62,3.29,2.89
"2749",2.39,3.29,3.25
"2750",13,6.75,1.25
"2751",2.14,3.2,4
"2752",1.95,3.39,4.5
"2753",2.2,3.2,3.89
"2754",5.5,3.75,1.61
"2755",2.79,3.2,2.79
"2756",1.75,3.39,5
"2757",3.29,3.6,2.25
"2758",1.85,3.6,4.75
"2759",6.5,4.2,1.6
"2760",1.91,3.6,4.5
"2761",1.85,3.39,5.25
"2762",1.66,3.75,6.5
"2763",1.9,3.39,4.75
"2764",4,3.75,1.95
"2765",2.1,3.39,3.89
"2766",1.61,3.89,6.5
"2767",1.9,3.39,4
"2768",5.75,4.09,1.64
"2769",1.75,3.5,6
"2770",4.2,3.79,1.8
"2771",1.75,3.75,5.25
"2772",4.5,3.75,1.85
"2773",1.72,4,5
"2774",9,5,1.39
"2775",2.14,3.5,3.6
"2776",2.7,3.29,2.87
"2777",6.5,4.5,1.55
"2778",1.95,3.39,4.5
"2779",2.29,3.29,3.5
"2780",2.29,3.25,3.5
"2781",2.29,3.29,3.5
"2782",2.04,3.39,4.09
"2783",2.25,3.5,3.39
"2784",2.2,3.2,3.39
"2785",15,6.5,1.25
"2786",2.5,3.29,3.1
"2787",11,5.5,1.33
"2788",2.29,3.29,3.5
"2789",2.7,3.39,2.79
"2790",2.2,3.25,3.75
"2791",2.79,3.25,2.75
"2792",2.39,3.2,3.39
"2793",2.79,3.25,2.79
"2794",2.7,3.1,3
"2795",15,6.5,1.25
"2796",3.29,3.2,2.45
"2797",12,4.75,1.3
"2798",12,5.75,1.3
"2799",7,4.59,1.5
"2800",2.37,3,3.25
"2801",2.6,3.25,3
"2802",2.54,3.25,3.1
"2803",7,4.33,1.53
"2804",3.1,3.25,2.54
"2805",1.9,3.79,4.2
"2806",1.2,8,15
"2807",2.25,3.5,3.39
"2808",1.28,6,12
"2809",1.25,6,16
"2810",1.28,6.5,11
"2811",1.25,6.5,15
"2812",1.36,5.25,10
"2813",1.25,6,10
"2814",1.28,6,13
"2815",2.35,3.29,3.39
"2816",2,3.6,3.5
"2817",1.19,7.5,17
"2818",2.62,3.6,2.7
"2819",1.16,8.5,21
"2820",1.18,8.5,17
"2821",1.33,6,9
"2822",5.25,4.33,1.65
"2823",2.04,3.6,3.79
"2824",2.1,3.5,3.75
"2825",5.25,3.89,1.72
"2826",5,4,1.72
"2827",1.8,3.75,5
"2828",2.54,3.5,2.87
"2829",1.66,3.79,6
"2830",2.5,3.39,3
"2831",6.25,4,1.61
"2832",2.25,3.39,3.5
"2833",2.14,3.29,3.89
"2834",2.29,3.29,3.1
"2835",2.39,3.2,3.39
"2836",2.89,3.39,2.54
"2837",2.37,3.39,3.2
"2838",2.15,3.2,3.5
"2839",11,6.5,1.28
"2840",6.5,4,1.61
"2841",2.37,3.1,3.5
"2842",2.5,3.2,3.2
"2843",6.5,4,1.6
"2844",2.54,3.2,3.1
"2845",5,4,1.72
"2846",2.14,3,4.33
"2847",2.54,3.2,3.1
"2848",1.95,3.29,4.75
"2849",3,3.25,2.6
"2850",2.5,3,3.1
"2851",2.37,3.2,3.39
"2852",7.5,4.5,1.5
"2853",8,4.75,1.44
"2854",1.83,3.5,5.25
"2855",5.25,4.33,1.66
"2856",2.7,3.39,2.75
"2857",7.5,4.5,1.5
"2858",5.25,4.2,1.66
"2859",2.1,3.39,3.89
"2860",1.9,3.39,4.09
"2861",2,3.6,4
"2862",3.1,3.25,2.54
"2863",2.5,3.29,2.79
"2864",2.29,3.2,3.6
"2865",2.7,3.25,2.6
"2866",2,3.6,4
"2867",10,5.75,1.33
"2868",4.75,3.79,1.8
"2869",2.45,3.5,3
"2870",1.53,4.5,6.5
"2871",3.9,3.9,1.95
"2872",1.66,4.2,5.25
"2873",2.62,3.6,2.75
"2874",1.28,6,12
"2875",2.25,3.5,3.4
"2876",2.04,3.7,3.75
"2877",3.6,3.7,2.1
"2878",3.5,3.75,1.95
"2879",1.66,3.8,6
"2880",5.75,4.5,1.6
"2881",2.7,3.3,2.87
"2882",3.2,3.2,2.5
"2883",2.9,3.4,2.6
"2884",3,3.1,2.7
"2885",2.14,3.1,4.2
"2886",11,5,1.36
"2887",2.9,3.2,2.75
"2888",14,5.75,1.28
"2889",2.9,3.2,2.75
"2890",2.62,3,3.2
"2891",2.5,3.5,2.95
"2892",3.8,3.4,2.14
"2893",2.6,3.1,3.1
"2894",3.8,3.25,2.2
"2895",2.9,3.25,2.7
"2896",2.8,3.6,2.54
"2897",1.75,3.8,5.25
"2898",1.25,6.75,13
"2899",1.4,5.25,8.5
"2900",1.18,8,17
"2901",4,3.8,1.95
"2902",3,3.2,2.62
"2903",4.75,4.1,1.75
"2904",4.5,3.75,1.85
"2905",1.61,3.9,6.5
"2906",1.75,4.2,4.75
"2907",1.85,3.6,4.75
"2908",1.61,4,6.5
"2909",1.4,5,9
"2910",1.6,4,6.5
"2911",1.8,3.75,5
"2912",5.25,4.33,1.66
"2913",2.9,3.75,2.4
"2914",2.62,3.5,2.8
"2915",3,3.5,2.45
"2916",8.5,4.5,1.44
"2917",11,5.5,1.33
"2918",2.3,3.5,3.3
"2919",3.4,3.25,2.35
"2920",2.5,3,3.4
"2921",2.2,3.4,3.6
"2922",2.1,3.5,3.8
"2923",1.5,4.33,8
"2924",2.25,3.3,3.6
"2925",3.8,3.75,2
"2926",2.54,3.6,2.8
"2927",1.11,11,26
"2928",1.11,11,26
"2929",1.4,5,9
"2930",1.1,12,34
"2931",1.08,13,34
"2932",1.11,11,29
"2933",1.4,5.25,8.5
"2934",1.11,11,26
"2935",1.44,4.5,9
"2936",1.72,3.9,5.25
"2937",1.4,5.25,8
"2938",2.45,3.5,3
"2939",1.33,5.75,10
"2940",2.6,3.3,3
"2941",2.2,3.25,3.8
"2942",2.75,3.25,2.8
"2943",2.9,3.4,2.6
"2944",2.5,3.3,3.1
"2945",2.9,3.2,2.7
"2946",6,4.1,1.61
"2947",2.1,3.4,3.9
"2948",2.5,3.3,3.1
"2949",4.33,3.6,1.95
"2950",4.75,4.1,1.75
"2951",2.8,3.5,2.6
"2952",1.36,5.25,9.5
"2953",2.14,3.6,3.5
"2954",1.75,3.75,5.25
"2955",6.5,4.33,1.55
"2956",11,6,1.3
"2957",4.5,3.8,1.85
"2958",4.1,3.9,1.9
"2959",1.75,3.75,5.25
"2960",13,6.5,1.25
"2961",1.66,4,5.75
"2962",2.3,3.4,3.4
"2963",1.8,3.6,5.25
"2964",1.75,3.75,5.25
"2965",3.1,3.4,2.45
"2966",1.5,4.33,8
"2967",5,3.75,1.8
"2968",1.44,4.75,7
"2969",1.45,4.75,6.5
"2970",1.75,3.75,4.75
"2971",1.45,4.75,6.5
"2972",1.57,4.33,5.5
"2973",6,5.25,1.44
"2974",2.87,3.75,2.3
"2975",2.55,3.6,2.62
"2976",1.83,3.6,4.33
"2977",1.4,4.75,8
"2978",2.3,3.4,3.1
"2979",2.35,3.4,3
"2980",9,5,1.33
"2981",2.05,3.4,3.7
"2982",4.33,3.8,1.8
"2983",2.4,3.6,2.8
"2984",2.1,3.75,3.3
"2985",13,8.5,1.16
"2986",2.8,3.5,2.45
"2987",4,3.8,1.85
"2988",2.5,3.5,2.75
"2989",1.72,4.2,4.2
"2990",3.25,3.6,2.15
"2991",2.75,3.3,2.6
"2992",7,5.25,1.4
"2993",2.4,3.4,2.9
"2994",3.5,3.9,1.95
"2995",2.6,3.3,2.7
"2996",2.87,3.4,2.45
"2997",2.1,3.6,3.3
"2998",3.9,3.6,1.9
"2999",2.9,3.25,2.5
"3000",1.72,4.2,4.33
"3001",3.75,3.5,2
"3002",2.62,3.1,2.87
"3003",2.2,3.25,3.5
"3004",1.75,3.9,4.33
"3005",3.6,3.6,1.95
"3006",1.66,4,5
"3007",2.1,3.4,3.6
"3008",2.87,3.3,2.5
"3009",4.5,4,1.72
"3010",2.25,3.5,3.1
"3011",2.25,3.25,3.3
"3012",11,7,1.22
"3013",1.95,3.4,4
"3014",4.33,3.75,1.8
"3015",1.75,3.8,4.33
"3016",4.33,3.75,1.83
"3017",3.6,3.6,2
"3018",1.4,4.75,8
"3019",1.3,5.5,10
"3020",1.33,5,10
"3021",1.28,6,9
"3022",1.28,5.75,10
"3023",1.25,6,12
"3024",1.33,5.25,9
"3025",1.28,5.5,11
"3026",1.72,3.9,4.5
"3027",1.85,3.5,4.5
"3028",1.9,3.75,3.75
"3029",12,7,1.22
"3030",3.5,3.4,2.1
"3031",7.5,4.75,1.4
"3032",2.2,3.4,3.25
"3033",2.55,3.25,2.87
"3034",2.3,3.4,3.1
"3035",4.1,3.9,1.8
"3036",2.7,3.25,2.7
"3037",3.1,3.1,2.5
"3038",10,5.5,1.3
"3039",1.95,3.75,3.75
"3040",2.7,3.4,2.6
"3041",1.36,5.1,8
"3042",3.5,3.75,2
"3043",2.3,3.8,2.87
"3044",1.7,3.75,5
"3045",1.85,3.8,4
"3046",1.55,4.1,6
"3047",1.61,3.8,6
"3048",1.5,4,7.5
"3049",1.57,4,6
"3050",2,3.75,3.5
"3051",1.61,4,5.25
"3052",1.33,5.5,8
"3053",1.22,6.5,13
"3054",3.4,3.75,2.05
"3055",1.6,4,5.5
"3056",1.53,4.33,6
"3057",2.5,3.6,2.7
"3058",1.44,4.75,7
"3059",1.5,4.33,6.5
"3060",2.5,3.6,2.62
"3061",1.18,7,15
"3062",1.36,5,8.5
"3063",1.16,7.5,17
"3064",1.25,5.75,12
"3065",1.2,6.5,13
"3066",1.36,5.25,8
"3067",1.25,6,12
"3068",1.12,9,21
"3069",1.08,11,26
"3070",1.07,13,23
"3071",1.44,5,6.5
"3072",1.3,5.5,10
"3073",1.36,5.25,7.5
"3074",1.16,7.5,16
"3075",1.25,6.5,10
"3076",1.1,11,19
"3077",1.12,9.5,17
"3078",2.37,3.5,2.9
"3079",5.25,3.8,1.65
"3080",1.6,3.75,6.5
"3081",1.45,4.5,7
"3082",2.75,3.4,2.55
"3083",1.8,3.7,4.5
"3084",1.33,5.25,9
"3085",1.33,5.25,8.5
"3086",1.36,4.75,9
"3087",2.25,3.25,3.4
"3088",4.5,3.5,1.85
"3089",3,3.1,2.55
"3090",2.55,3.25,2.8
"3091",13,8,1.16
"3092",2.5,3.2,2.9
"3093",2.37,3.1,3.25
"3094",3.6,3.4,2.05
"3095",5,3.8,1.66
"3096",6,4.5,1.5
"3097",2.2,3.4,3.3
"3098",2.37,3.6,2.8
"3099",4.33,4,1.75
"3100",2.7,3.5,2.55
"3101",4,4.33,1.75
"3102",2.9,3.5,2.37
"3103",3.75,3.8,1.9
"3104",5,4,1.66
"3105",2.5,3.4,2.75
"3106",2.2,3.5,3.25
"3107",11,6.25,1.25
"3108",9,5.25,1.33
"3109",3.9,3.75,1.9
"3110",2.25,3.2,3.4
"3111",3.5,3.4,2.1
"3112",1.83,3.4,4.6
"3113",1.85,3.75,4.2
"3114",1.83,3.6,4.33
"3115",1.95,3.4,4
"3116",7,5,1.4
"3117",1.66,3.6,5.75
"3118",4,3.8,1.85
"3119",3.1,3.4,2.3
"3120",2.9,3.3,2.45
"3121",2.1,3.4,3.5
"3122",1.72,4,4.2
"3123",1.9,3.8,3.8
"3124",1.95,3.6,3.8
"3125",3.3,3.5,2.1
"3126",2.4,3.4,3
"3127",1.75,3.8,4.75
"3128",1.4,4.75,8
"3129",1.4,5,7.5
"3130",1.57,4,6
"3131",1.36,5.5,7.5
"3132",1.4,4.75,8
"3133",2.37,3.75,2.75
"3134",1.53,4.33,6
"3135",4.5,4.33,1.66
"3136",1.4,5,7.5
"3137",5.5,4.6,1.53
"3138",2.05,3.4,3.6
"3139",2.15,3.6,3.25
"3140",5,4.33,1.61
"3141",2.3,3.4,3.1
"3142",2.37,3.3,3.1
"3143",4.33,4,1.75
"3144",1.95,3.8,3.6
"3145",3,3.4,2.3
"3146",3.25,3.5,2.2
"3147",2.75,3.3,2.62
"3148",1.95,3.6,3.8
"3149",2.1,3.5,3.5
"3150",1.75,3.8,4.5
"3151",4.2,4.33,1.7
"3152",3.3,4,2
"3153",4,3.9,1.83
"3154",1.9,3.75,3.8
"3155",2.9,3.5,2.37
"3156",8.5,5.5,1.33
"3157",2.6,3.3,2.75
"3158",1.85,3.4,4.5
"3159",1.8,3.6,4.5
"3160",1.9,3.5,4.2
"3161",1.9,3.5,4.2
"3162",1.75,3.7,4.75
"3163",3.25,3.4,2.25
"3164",8.5,5,1.36
"3165",1.44,4.5,7.5
"3166",5.75,3.8,1.61
"3167",2.5,3.3,2.87
